timestamp;ratio_now;ratio_m1;ratio_m2;ratio_m3;ratio_m4;basket_mid;comps_mid;choco_mid;straw_mid;roses_mid
0;1.00572;0;0;0;0;70598.5;70196.5;7889;4036.5;14421.5
100;1.0059;1.00596;0;0;0;70615.5;70201;7889.5;4036.5;14424
200;1.00585;1.00593;1.00599;0;0;70617.5;70206.5;7890.5;4037;14422.5
300;1.00586;1.00582;1.0059;1.00596;0;70615.5;70203.5;7890;4037;14421.5
400;1.00606;1.00606;1.00602;1.0061;1.00616;70629.5;70204;7890;4037;14422
500;1.00618;1.00617;1.00618;1.00613;1.00621;70637.5;70203.5;7889;4037.5;14422.5
600;1.00623;1.00622;1.00621;1.00622;1.00618;70640.5;70203;7889;4037.5;14422
700;1.00618;1.0062;1.00619;1.00618;1.00619;70638.5;70204.5;7889;4037.5;14423.5
800;1.00617;1.00627;1.00629;1.00628;1.00628;70645;70211.5;7890;4037.5;14426.5
900;1.00621;1.00619;1.00629;1.00631;1.00631;70646.5;70210;7889;4037.5;14429
1000;1.00642;1.00647;1.00645;1.00655;1.00657;70664.5;70213.5;7891;4037;14427.5
1100;1.00631;1.00625;1.0063;1.00628;1.00638;70653;70209.5;7892;4036.5;14422.5
1200;1.0063;1.00633;1.00628;1.00633;1.0063;70654.5;70212;7892.5;4036.5;14423
1300;1.00613;1.00592;1.00596;1.0059;1.00595;70628;70197.5;7891.5;4036;14415.5
1400;1.00619;1.00611;1.0059;1.00593;1.00588;70626.5;70191.5;7889.5;4036;14417.5
1500;1.00618;1.00626;1.00618;1.00597;1.00601;70631.5;70197;7890.5;4036;14419
1600;1.00622;1.00633;1.00641;1.00632;1.00611;70641.5;70204.5;7892.5;4036.5;14415.5
1700;1.00625;1.00631;1.00641;1.00649;1.00641;70647.5;70208.5;7893;4036.5;14417.5
1800;1.00611;1.00605;1.00611;1.00621;1.00629;70633.5;70204.5;7892.5;4036.5;14415.5
1900;1.00612;1.00618;1.00612;1.00618;1.00628;70638.5;70208.5;7892;4037;14418.5
2000;1.00605;1.00596;1.00602;1.00596;1.00602;70627.5;70202.5;7891;4037;14416.5
2100;1.00608;1.00608;1.00599;1.00605;1.00599;70629.5;70202.5;7891.5;4037;14414.5
2200;1.00616;1.00609;1.00609;1.00601;1.00606;70630.5;70197.5;7890;4037.5;14412.5
2300;1.00611;1.00615;1.00608;1.00608;1.00599;70629.5;70200.5;7890.5;4037.5;14413.5
2400;1.00612;1.00612;1.00616;1.00609;1.00609;70630.5;70200.5;7892;4037;14410.5
2500;1.00615;1.00612;1.00612;1.00616;1.00609;70630.5;70198.5;7890;4037;14416.5
2600;1.00596;1.00585;1.00582;1.00582;1.00586;70609.5;70190.5;7887.5;4037.5;14415.5
2700;1.00608;1.00621;1.00609;1.00606;1.00606;70626.5;70199.5;7888.5;4037.5;14420.5
2800;1.00618;1.00623;1.00636;1.00624;1.00621;70637;70202.5;7889.5;4037.5;14419.5
2900;1.00601;1.00589;1.00594;1.00606;1.00595;70616.5;70194.5;7888.5;4037;14418.5
3000;1.00606;1.00602;1.00591;1.00595;1.00608;70617.5;70191.5;7889;4036.5;14416.5
3100;1.00602;1.00596;1.00592;1.00581;1.00585;70610.5;70187.5;7888.5;4036.5;14414.5
3200;1.00596;1.00602;1.00596;1.00592;1.00581;70610.5;70191.5;7888.5;4037;14415.5
3300;1.00587;1.00582;1.00588;1.00582;1.00578;70600.5;70188;7887.5;4036.5;14419
3400;1.00575;1.00582;1.00576;1.00582;1.00576;70596.5;70192.5;7888.5;4036.5;14419.5
3500;1.00575;1.00582;1.00589;1.00584;1.00589;70601.5;70197.5;7890.5;4036.5;14416.5
3600;1.00598;1.00591;1.00598;1.00604;1.00599;70612.5;70192.5;7889;4036.5;14417.5
3700;1.00605;1.00595;1.00588;1.00595;1.00601;70610.5;70185.5;7888.5;4036;14415.5
3800;1.00607;1.00605;1.00595;1.00588;1.00595;70610.5;70184;7888.5;4037;14408
3900;1.00596;1.00599;1.00596;1.00586;1.00579;70604.5;70185.5;7888;4037.5;14408.5
4000;1.00592;1.00582;1.00584;1.00582;1.00572;70594.5;70178.5;7887.5;4037.5;14403.5
4100;1.00593;1.00597;1.00587;1.00589;1.00587;70597.5;70181;7888.5;4037.5;14402
4200;1.00597;1.00589;1.00592;1.00582;1.00584;70594.5;70175;7887;4037.5;14402
4300;1.00594;1.00597;1.00589;1.00592;1.00582;70594.5;70177;7888.5;4037;14401
4400;1.00594;1.0059;1.00593;1.00584;1.00588;70591.5;70174.5;7888;4037;14400.5
4500;1.00592;1.00599;1.00596;1.00599;1.0059;70595.5;70179.5;7889;4036.5;14404.5
4600;1.00604;1.00612;1.00619;1.00616;1.00619;70609.5;70185;7889;4037;14407
4700;1.00616;1.00617;1.00625;1.00632;1.00629;70618.5;70186;7889;4036.5;14411
4800;1.00613;1.00622;1.00624;1.00631;1.00639;70623;70192.5;7889;4037.5;14411.5
4900;1.00619;1.00616;1.00626;1.00627;1.00635;70625.5;70191;7888.5;4037.5;14412
5000;1.00598;1.00599;1.00596;1.00606;1.00607;70611.5;70191.5;7887.5;4037.5;14416.5
5100;1.00607;1.00604;1.00604;1.00602;1.00611;70615.5;70189;7888;4037;14415
5200;1.00606;1.00611;1.00608;1.00609;1.00606;70618.5;70193;7889.5;4036.5;14416
5300;1.00595;1.006;1.00606;1.00602;1.00603;70614.5;70196.5;7889.5;4037;14416.5
5400;1.00594;1.00602;1.00607;1.00613;1.00609;70619.5;70202;7891.5;4036.5;14417
5500;1.00586;1.006;1.00608;1.00613;1.00619;70623.5;70211.5;7893.5;4036.5;14418.5
5600;1.00603;1.00606;1.0062;1.00628;1.00633;70637.5;70214;7894;4036.5;14419
5700;1.00595;1.0061;1.00613;1.00627;1.00635;70642.5;70224;7894.5;4037.5;14421
5800;1.00595;1.00581;1.00596;1.00599;1.00613;70632.5;70214.5;7893.5;4037;14418.5
5900;1.00583;1.00588;1.00574;1.00588;1.00592;70627.5;70217.5;7894.5;4036.5;14420.5
6000;1.00577;1.00578;1.00583;1.00569;1.00583;70624;70218.5;7895.5;4036.5;14417.5
6100;1.00585;1.00583;1.00585;1.00589;1.00576;70628.5;70217.5;7894.5;4036.5;14420.5
6200;1.00583;1.00583;1.00582;1.00583;1.00588;70627.5;70217.5;7894;4036.5;14422.5
6300;1.00596;1.00602;1.00602;1.006;1.00602;70640.5;70221.5;7895;4036.5;14422.5
6400;1.00606;1.00616;1.00622;1.00622;1.0062;70654.5;70228.5;7896.5;4037;14420.5
6500;1.00602;1.00593;1.00603;1.00609;1.00609;70645.5;70222.5;7895;4037;14420.5
6600;1.00609;1.00605;1.00596;1.00606;1.00612;70647.5;70219.5;7894.5;4036.5;14422.5
6700;1.00621;1.00609;1.00605;1.00596;1.00606;70647.5;70211;7893.5;4036.5;14418
6800;1.0062;1.0062;1.00608;1.00603;1.00595;70646.5;70210.5;7894;4036.5;14415.5
6900;1.00613;1.00614;1.00613;1.00601;1.00597;70642;70211;7893.5;4036.5;14418
7000;1.00612;1.0062;1.0062;1.0062;1.00608;70646.5;70216.5;7895;4036.5;14417.5
7100;1.00615;1.00613;1.0062;1.00621;1.0062;70647;70214.5;7895.5;4036.5;14413.5
7200;1.00601;1.00586;1.00583;1.00591;1.00592;70626.5;70204;7895;4036;14408
7300;1.00591;1.00596;1.00581;1.00578;1.00586;70622.5;70207.5;7895.5;4036.5;14406.5
7400;1.006;1.00593;1.00598;1.00583;1.00581;70624.5;70203;7895.5;4036.5;14402
7500;1.00592;1.00586;1.00579;1.00584;1.00569;70614.5;70198.5;7895;4036;14402.5
7600;1.00611;1.00611;1.00604;1.00598;1.00603;70627.5;70198;7895;4036;14402
7700;1.00608;1.00613;1.00612;1.00606;1.00599;70628.5;70201.5;7895.5;4035.5;14406.5
7800;1.00608;1.00594;1.00599;1.00598;1.00591;70618.5;70191.5;7894.5;4035;14403.5
7900;1.00596;1.00589;1.00574;1.00579;1.00579;70605;70186;7893.5;4034.5;14405
8000;1.00589;1.00579;1.00571;1.00556;1.00561;70592.5;70178.5;7894;4033.5;14401.5
8100;1.00593;1.00594;1.00583;1.00575;1.00561;70595.5;70179;7894;4034;14399
8200;1.00588;1.00586;1.00587;1.00576;1.00568;70590.5;70177.5;7894.5;4033.5;14398.5
8300;1.00576;1.00572;1.0057;1.00571;1.0056;70579.5;70175;7894.5;4033.5;14396
8400;1.00578;1.00596;1.00592;1.0059;1.00591;70593.5;70187.5;7895;4034.5;14400.5
8500;1.00589;1.00583;1.00601;1.00597;1.00595;70597;70183.5;7894;4034.5;14400.5
8600;1.00584;1.00587;1.00581;1.00599;1.00595;70595.5;70185.5;7893.5;4035.5;14398.5
8700;1.00579;1.00596;1.00599;1.00594;1.00612;70604.5;70197.5;7895;4035.5;14404.5
8800;1.00571;1.00571;1.00588;1.00591;1.00585;70598.5;70197.5;7895.5;4035.5;14402.5
8900;1.00568;1.00575;1.00575;1.00592;1.00595;70601.5;70202.5;7897;4035.5;14401.5
9000;1.00584;1.00579;1.00586;1.00586;1.00604;70609.5;70199.5;7896.5;4035.5;14400.5
9100;1.00584;1.00581;1.00576;1.00584;1.00584;70607.5;70197.5;7896.5;4035.5;14398.5
9200;1.00576;1.00578;1.00575;1.00571;1.00578;70603.5;70199;7896.5;4035.5;14400
9300;1.00578;1.00582;1.00584;1.00581;1.00577;70608;70202;7896.5;4035.5;14403
9400;1.00575;1.00564;1.00569;1.00571;1.00568;70598.5;70194.5;7895.5;4035.5;14399.5
9500;1.00564;1.00551;1.0054;1.00544;1.00547;70581.5;70185;7895;4034.5;14398
9600;1.00564;1.00577;1.00564;1.00553;1.00557;70590.5;70194;7897.5;4034.5;14397
9700;1.00552;1.00547;1.0056;1.00547;1.00536;70578.5;70190.5;7897.5;4034.5;14393.5
9800;1.00549;1.0053;1.00525;1.00538;1.00524;70563;70177.5;7896;4034;14389.5
9900;1.00562;1.00574;1.00556;1.00551;1.00564;70581;70186.5;7898.5;4034;14388.5
10000;1.00569;1.00566;1.00579;1.0056;1.00555;70584;70184;7898.5;4034;14386
10100;1.00577;1.00582;1.00578;1.00591;1.00572;70592.5;70187.5;7898.5;4034.5;14386.5
10200;1.00586;1.00595;1.006;1.00596;1.00609;70605.5;70193.5;7899.5;4034.5;14388.5
10300;1.00576;1.00579;1.00588;1.00593;1.00589;70600.5;70196;7900;4034.5;14389
10400;1.00574;1.00568;1.00571;1.0058;1.00585;70595;70191.5;7899.5;4034;14389.5
10500;1.00577;1.00571;1.00564;1.00568;1.00577;70592.5;70187;7899;4034;14387
10600;1.00577;1.00567;1.00561;1.00554;1.00558;70585.5;70180.5;7898.5;4033.5;14385.5
10700;1.00573;1.00569;1.00559;1.00553;1.00547;70580;70177.5;7897.5;4033.5;14386.5
10800;1.00575;1.00578;1.00574;1.00564;1.00558;70583.5;70179.5;7897;4034;14387.5
10900;1.0058;1.00579;1.00582;1.00577;1.00568;70586;70178.5;7896;4034.5;14387.5
11000;1.00569;1.00569;1.00567;1.0057;1.00566;70578;70178.5;7896.5;4034;14388.5
11100;1.00578;1.00575;1.00575;1.00574;1.00577;70582.5;70176.5;7897;4033.5;14387.5
11200;1.00579;1.00579;1.00576;1.00576;1.00574;70583;70176.5;7897;4034;14384.5
11300;1.00581;1.00575;1.00575;1.00572;1.00572;70580.5;70172.5;7896.5;4033.5;14385.5
11400;1.00576;1.00581;1.00575;1.00575;1.00572;70580.5;70176;7897;4034;14384
11500;1.00564;1.00553;1.00558;1.00552;1.00552;70564.5;70168.5;7897;4033.5;14379.5
11600;1.00567;1.00578;1.00567;1.00572;1.00567;70574.5;70176.5;7898.5;4033.5;14381.5
11700;1.00572;1.00581;1.00592;1.00582;1.00587;70584.5;70182.5;7899;4034;14382.5
11800;1.0058;1.00579;1.00588;1.00599;1.00589;70589.5;70182;7898.5;4034;14384
11900;1.00578;1.00566;1.00565;1.00574;1.00585;70579.5;70173.5;7897.5;4033.5;14382.5
12000;1.00581;1.00584;1.00572;1.00571;1.00579;70583.5;70175.5;7897;4033.5;14386.5
12100;1.00565;1.00554;1.00557;1.00545;1.00544;70564.5;70167.5;7895.5;4033;14387.5
12200;1.00552;1.00557;1.00545;1.00548;1.00536;70558.5;70170.5;7895;4033.5;14389.5
12300;1.00535;1.0053;1.00534;1.00522;1.00525;70542.5;70167;7894.5;4033.5;14388
12400;1.00533;1.00543;1.00538;1.00542;1.00531;70548.5;70174;7896.5;4033.5;14387
12500;1.0054;1.00542;1.00552;1.00547;1.00551;70554.5;70175.5;7896;4033.5;14390.5
12600;1.00543;1.00552;1.00555;1.00565;1.0056;70563.5;70182;7897;4034;14390
12700;1.00546;1.00533;1.00542;1.00545;1.00555;70556.5;70173;7895.5;4033.5;14390
12800;1.00537;1.00542;1.0053;1.00539;1.00541;70554;70176.5;7895.5;4033.5;14393.5
12900;1.00545;1.00547;1.00552;1.00539;1.00548;70560.5;70177.5;7895;4033.5;14396.5
13000;1.00553;1.00551;1.00552;1.00557;1.00545;70564.5;70176;7894.5;4033.5;14397
13100;1.0056;1.00562;1.0056;1.00561;1.00566;70570.5;70177.5;7894.5;4033;14401.5
13200;1.00576;1.00577;1.00579;1.00577;1.00579;70583;70178.5;7896.5;4032.5;14397.5
13300;1.00572;1.00572;1.00574;1.00576;1.00574;70580.5;70178.5;7896.5;4032.5;14397.5
13400;1.00571;1.00566;1.00566;1.00567;1.00569;70576;70175;7896;4032.5;14396
13500;1.00574;1.00579;1.00574;1.00574;1.00575;70581.5;70178.5;7896;4032.5;14399.5
13600;1.00575;1.00578;1.00583;1.00578;1.00578;70584.5;70180.5;7895.5;4032.5;14403.5
13700;1.00583;1.00576;1.00579;1.00584;1.00579;70585;70175.5;7894.5;4032.5;14402.5
13800;1.00582;1.00588;1.00581;1.00584;1.00589;70588.5;70179.5;7895.5;4032.5;14402.5
13900;1.00575;1.00572;1.00578;1.00571;1.00574;70581.5;70177.5;7894.5;4032.5;14404.5
14000;1.00573;1.00578;1.00575;1.00581;1.00574;70583.5;70181;7895;4032.5;14406
14100;1.00574;1.00577;1.00582;1.00579;1.00585;70586.5;70183.5;7895.5;4032.5;14406.5
14200;1.00585;1.00586;1.00589;1.00594;1.00592;70595;70184;7895;4032.5;14409
14300;1.00593;1.00609;1.00609;1.00613;1.00618;70611.5;70195;7896.5;4032.5;14414
14400;1.00588;1.00584;1.006;1.00601;1.00604;70605.5;70192.5;7895;4033;14414.5
14500;1.00584;1.00578;1.00574;1.0059;1.00591;70598.5;70188.5;7895.5;4032.5;14411.5
14600;1.0059;1.00587;1.00581;1.00578;1.00594;70601;70186.5;7894.5;4033;14410.5
14700;1.00573;1.0058;1.00577;1.00571;1.00568;70594;70191.5;7895;4033.5;14410.5
14800;1.00575;1.00582;1.00589;1.00586;1.00581;70600.5;70196.5;7896.5;4033.5;14409.5
14900;1.00584;1.00578;1.00585;1.00592;1.00589;70602.5;70192;7895;4033.5;14411
15000;1.00586;1.00583;1.00576;1.00584;1.00591;70601.5;70190;7894;4033.5;14413
15100;1.00574;1.00587;1.00584;1.00578;1.00585;70602.5;70199.5;7895;4034;14415.5
15200;1.00579;1.00585;1.00599;1.00596;1.00589;70610.5;70203.5;7895;4034.5;14416.5
15300;1.00591;1.00603;1.00609;1.00623;1.0062;70627.5;70212;7897;4034.5;14417
15400;1.00593;1.00596;1.00608;1.00613;1.00627;70630.5;70214;7897.5;4035;14414
15500;1.00601;1.00603;1.00606;1.00618;1.00623;70637.5;70215;7898;4035;14413
15600;1.00605;1.006;1.00601;1.00604;1.00616;70636.5;70211.5;7898.5;4034.5;14410.5
15700;1.00606;1.00613;1.00608;1.0061;1.00613;70642.5;70216.5;7899.5;4034.5;14411.5
15800;1.00598;1.00586;1.00593;1.00588;1.0059;70628.5;70208;7897.5;4034.5;14411
15900;1.00601;1.00588;1.00576;1.00583;1.00578;70621.5;70199.5;7897;4033.5;14410.5
16000;1.00596;1.00605;1.00593;1.00581;1.00588;70624.5;70206;7897.5;4034;14412
16100;1.00601;1.00596;1.00605;1.00593;1.00581;70624.5;70202.5;7897.5;4033.5;14411.5
16200;1.00618;1.0061;1.00605;1.00614;1.00602;70631;70197;7895.5;4033.5;14414
16300;1.00613;1.00623;1.00616;1.00611;1.0062;70635;70204.5;7896;4034;14416.5
16400;1.00613;1.00601;1.00611;1.00603;1.00598;70626.5;70196;7894.5;4034;14414
16500;1.00611;1.00614;1.00602;1.00613;1.00605;70627.5;70198.5;7895;4033.5;14417.5
16600;1.00604;1.00593;1.00596;1.00584;1.00595;70615;70190.5;7894;4033;14416.5
16700;1.00598;1.00584;1.00572;1.00576;1.00564;70600.5;70180.5;7893.5;4032;14414.5
16800;1.00588;1.00588;1.00574;1.00562;1.00566;70593.5;70180.5;7893;4032.5;14413.5
16900;1.00583;1.00569;1.00569;1.00555;1.00544;70580.5;70171;7891.5;4032.5;14410
17000;1.00594;1.00594;1.00581;1.00581;1.00567;70588.5;70171.5;7891.5;4032.5;14410.5
17100;1.00594;1.00595;1.00596;1.00582;1.00582;70589.5;70172.5;7891;4032.5;14413.5
17200;1.00588;1.00579;1.00581;1.00582;1.00568;70579.5;70166.5;7890.5;4032.5;14409.5
17300;1.00583;1.0059;1.00582;1.00583;1.00584;70581;70171.5;7891.5;4032.5;14410.5
17400;1.00594;1.00597;1.00604;1.00595;1.00597;70590.5;70173;7891.5;4032.5;14412
17500;1.00594;1.00596;1.00598;1.00605;1.00597;70591.5;70174.5;7891.5;4032.5;14413.5
17600;1.00583;1.00574;1.00577;1.00579;1.00586;70578;70168.5;7889.5;4032.5;14415.5
17700;1.00587;1.00604;1.00595;1.00597;1.00599;70592.5;70180.5;7891.5;4033;14416.5
17800;1.00597;1.00591;1.00608;1.00599;1.00602;70595.5;70176;7891.5;4032.5;14415
17900;1.00596;1.006;1.00594;1.00611;1.00602;70597.5;70179;7891;4033;14417
18000;1.00609;1.00609;1.00613;1.00607;1.00624;70606.5;70179;7891.5;4032.5;14418
18100;1.00608;1.00604;1.00604;1.00609;1.00602;70603.5;70176.5;7890.5;4032.5;14419.5
18200;1.00611;1.00628;1.00624;1.00624;1.00629;70617.5;70188.5;7892.5;4033;14420.5
18300;1.00609;1.00613;1.0063;1.00626;1.00626;70619;70191.5;7893.5;4033;14419.5
18400;1.00619;1.00616;1.00621;1.00638;1.00634;70624.5;70189.5;7893;4033;14419.5
18500;1.00618;1.00625;1.00622;1.00626;1.00644;70628.5;70194;7893;4033.5;14421
18600;1.00628;1.00634;1.00641;1.00638;1.00642;70639.5;70198.5;7893.5;4033.5;14423.5
18700;1.00634;1.00616;1.00623;1.00629;1.00626;70631.5;70186.5;7892.5;4033;14418.5
18800;1.00623;1.00628;1.00611;1.00617;1.00624;70627.5;70190;7895;4032.5;14415
18900;1.00646;1.0063;1.00635;1.00618;1.00624;70632.5;70178.5;7894;4032;14410.5
19000;1.00658;1.00659;1.00643;1.00648;1.00631;70641.5;70179.5;7894.5;4032;14409.5
19100;1.00658;1.00656;1.00658;1.00641;1.00646;70640.5;70178.5;7895.5;4031.5;14407.5
19200;1.00654;1.00654;1.00653;1.00654;1.00638;70638;70178.5;7895.5;4031.5;14407.5
19300;1.00656;1.0066;1.0066;1.00659;1.0066;70642;70181;7895.5;4032;14407
19400;1.00669;1.00664;1.00668;1.00668;1.00666;70647.5;70177.5;7894.5;4031.5;14410.5
19500;1.00664;1.00667;1.00662;1.00666;1.00666;70646;70179.5;7895.5;4031.5;14408.5
19600;1.00665;1.00656;1.00659;1.00654;1.00658;70640.5;70173.5;7894.5;4031.5;14406.5
19700;1.00655;1.00652;1.00644;1.00646;1.00641;70631.5;70171.5;7894.5;4031.5;14404.5
19800;1.00654;1.00659;1.00656;1.00648;1.00651;70634.5;70175.5;7895;4032;14403.5
19900;1.00644;1.00648;1.00654;1.00651;1.00642;70630.5;70178.5;7895;4032.5;14403.5
20000;1.00651;1.00646;1.00651;1.00656;1.00654;70632.5;70175.5;7894.5;4032.5;14402.5
20100;1.00655;1.00655;1.00651;1.00655;1.00661;70635.5;70175.5;7894.5;4033;14399.5
20200;1.00666;1.00659;1.00659;1.00654;1.00659;70638;70170.5;7894;4033;14396.5
20300;1.00656;1.00671;1.00664;1.00664;1.00659;70641.5;70180.5;7896.5;4033;14396.5
20400;1.00634;1.00635;1.00649;1.00642;1.00642;70626.5;70181;7897;4033;14395
20500;1.00629;1.00609;1.00609;1.00624;1.00617;70608.5;70166.5;7894;4033;14392.5
20600;1.00621;1.00614;1.00593;1.00594;1.00608;70597.5;70161.5;7893;4033;14391.5
20700;1.00628;1.00629;1.00622;1.00602;1.00602;70603.5;70162.5;7893;4033;14392.5
20800;1.00625;1.00628;1.00629;1.00622;1.00602;70603.5;70164.5;7893;4032.5;14397.5
20900;1.00608;1.00617;1.00619;1.00621;1.00614;70597.5;70170.5;7893.5;4032.5;14401.5
21000;1.00614;1.00605;1.00614;1.00617;1.00618;70595.5;70164;7892.5;4032.5;14399
21100;1.00601;1.00593;1.00584;1.00592;1.00595;70580.5;70158.5;7891.5;4032.5;14397.5
21200;1.00613;1.006;1.00592;1.00583;1.00592;70580;70149.5;7890.5;4032.5;14392.5
21300;1.00624;1.00611;1.00598;1.0059;1.00581;70578.5;70140.5;7889.5;4032.5;14387.5
21400;1.00627;1.00614;1.00601;1.00588;1.0058;70571.5;70131.5;7888.5;4032.5;14382.5
21500;1.00635;1.00638;1.00625;1.00612;1.006;70579.5;70133.5;7888.5;4032.5;14384.5
21600;1.00619;1.00611;1.00614;1.00601;1.00588;70562.5;70128;7886.5;4033;14384
21700;1.0062;1.00626;1.00618;1.00621;1.00608;70567.5;70132.5;7888.5;4033;14380.5
21800;1.00613;1.00607;1.00613;1.00605;1.00608;70558.5;70128.5;7888;4033;14378.5
21900;1.00611;1.00597;1.00591;1.00598;1.0059;70547.5;70119;7886;4033;14377
22000;1.00609;1.00605;1.00591;1.00586;1.00592;70543.5;70116;7886.5;4032.5;14375
22100;1.00611;1.00619;1.00615;1.00601;1.00596;70550.5;70121.5;7887;4032.5;14378.5
22200;1.00621;1.00613;1.00621;1.00616;1.00603;70551.5;70115.5;7886;4033;14373.5
22300;1.00618;1.00626;1.00617;1.00625;1.00621;70554.5;70120.5;7887.5;4033;14372.5
22400;1.00606;1.00611;1.00618;1.0061;1.00618;70549.5;70124.5;7888.5;4033;14372.5
22500;1.00611;1.00607;1.00613;1.0062;1.00611;70550.5;70121.5;7887.5;4033;14373.5
22600;1.00616;1.00597;1.00593;1.00598;1.00606;70540.5;70108;7885.5;4033;14368
22700;1.00609;1.00596;1.00577;1.00573;1.00579;70526.5;70099.5;7884;4032.5;14368.5
22800;1.00605;1.00607;1.00595;1.00576;1.00571;70525.5;70101;7884.5;4033;14365
22900;1.00599;1.00589;1.00592;1.00579;1.0056;70514.5;70094.5;7882.5;4033.5;14363.5
23000;1.00609;1.00603;1.00594;1.00596;1.00584;70517.5;70090;7882.5;4033.5;14359
23100;1.00616;1.00635;1.00629;1.00619;1.00621;70535.5;70103;7884.5;4034;14361
23200;1.00624;1.00626;1.00644;1.00638;1.00629;70542;70104.5;7883;4034;14368.5
23300;1.0061;1.00621;1.00624;1.00642;1.00636;70540.5;70112.5;7883.5;4034.5;14371.5
23400;1.00604;1.00613;1.00624;1.00626;1.00645;70542.5;70118.5;7884.5;4035;14370.5
23500;1.00599;1.00596;1.00604;1.00616;1.00618;70536.5;70116.5;7886;4034.5;14365.5
23600;1.0059;1.00597;1.00594;1.00603;1.00614;70535.5;70121.5;7886;4035;14367.5
23700;1.00587;1.00587;1.00594;1.00591;1.006;70533.5;70121.5;7886;4034.5;14370.5
23800;1.00594;1.00587;1.00587;1.00594;1.00591;70533.5;70116.5;7885.5;4034.5;14367.5
23900;1.00591;1.00594;1.00587;1.00587;1.00594;70533.5;70119;7885.5;4034.5;14370
24000;1.00588;1.00584;1.00588;1.00581;1.00581;70529;70116.5;7886;4034.5;14365.5
24100;1.00586;1.00581;1.00578;1.00581;1.00574;70524.5;70113.5;7885.5;4035;14361.5
24200;1.00579;1.00581;1.00577;1.00574;1.00577;70521.5;70115;7886.5;4034.5;14362
24300;1.00593;1.00585;1.00587;1.00583;1.00579;70525.5;70109.5;7886;4034.5;14358.5
24400;1.00584;1.00586;1.00578;1.0058;1.00576;70520.5;70111;7886;4034.5;14360
24500;1.00586;1.00588;1.0059;1.00582;1.00584;70523.5;70112.5;7885.5;4034.5;14363.5
24600;1.00587;1.0059;1.00592;1.00594;1.00586;70526.5;70114.5;7886;4034.5;14363.5
24700;1.0059;1.00583;1.00586;1.00588;1.0059;70523.5;70109.5;7884.5;4034.5;14364.5
24800;1.00581;1.00587;1.0058;1.00583;1.00585;70521.5;70113.5;7884.5;4034.5;14368.5
24900;1.00572;1.00571;1.00577;1.0057;1.00573;70514.5;70113;7884;4034.5;14370
25000;1.00567;1.00574;1.00573;1.00579;1.00571;70515.5;70117.5;7883.5;4035;14373.5
25100;1.00559;1.00569;1.00575;1.00574;1.0058;70516.5;70124;7883.5;4035.5;14377
25200;1.00569;1.00575;1.00584;1.00591;1.0059;70527.5;70128;7884.5;4036;14374
25300;1.00576;1.00579;1.00585;1.00594;1.00601;70534.5;70130.5;7884.5;4035.5;14379.5
25400;1.0057;1.00574;1.00578;1.00583;1.00593;70533.5;70133.5;7884.5;4035.5;14382.5
25500;1.0057;1.00576;1.00581;1.00584;1.0059;70538;70138;7885.5;4035.5;14383
25600;1.00566;1.00558;1.00564;1.00568;1.00572;70529.5;70132.5;7883;4036;14384.5
25700;1.00568;1.00578;1.00571;1.00577;1.00581;70538.5;70139.5;7884.5;4036;14385.5
25800;1.00564;1.00578;1.00588;1.0058;1.00587;70545.5;70149.5;7886;4036.5;14386.5
25900;1.00571;1.00564;1.00578;1.00588;1.0058;70545.5;70144.5;7885.5;4036.5;14383.5
26000;1.00578;1.00585;1.00578;1.00593;1.00603;70555.5;70149.5;7887;4036.5;14382.5
26100;1.00591;1.0059;1.00597;1.0059;1.00604;70563.5;70148.5;7887;4036.5;14381.5
26200;1.00584;1.00585;1.00584;1.00591;1.00584;70559.5;70149.5;7886.5;4036.5;14384.5
26300;1.00583;1.00575;1.00577;1.00575;1.00583;70553.5;70144.5;7886.5;4035.5;14385.5
26400;1.00568;1.00573;1.00565;1.00567;1.00565;70546.5;70147.5;7885.5;4036.5;14386.5
26500;1.00563;1.00557;1.00561;1.00554;1.00555;70538.5;70143.5;7886;4035.5;14386.5
26600;1.00571;1.00584;1.00578;1.00583;1.00575;70553.5;70152.5;7886;4036.5;14389.5
26700;1.00554;1.00533;1.00546;1.00541;1.00545;70527;70138;7884;4036.5;14383
26800;1.00556;1.00553;1.00533;1.00546;1.0054;70526.5;70136.5;7883.5;4037;14380.5
26900;1.00575;1.00581;1.00579;1.00558;1.00571;70544.5;70141;7884;4037;14383
27000;1.00575;1.00587;1.00593;1.00591;1.0057;70553;70149;7885.5;4037.5;14382
27100;1.00562;1.00567;1.00578;1.00585;1.00583;70547;70152.5;7886;4037.5;14383.5
27200;1.00556;1.00569;1.00574;1.00585;1.00592;70552;70161.5;7888;4037;14387.5
27300;1.00554;1.00554;1.00567;1.00572;1.00583;70550.5;70161.5;7887.5;4037;14389.5
27400;1.00563;1.00561;1.00561;1.00574;1.00579;70555.5;70160;7888;4037;14386
27500;1.00554;1.00555;1.00553;1.00553;1.00565;70549.5;70160.5;7887.5;4037.5;14385.5
27600;1.00561;1.00547;1.00548;1.00545;1.00545;70544.5;70150.5;7886.5;4037;14382.5
27700;1.00558;1.00564;1.0055;1.0055;1.00548;70546.5;70154.5;7886.5;4037.5;14383.5
27800;1.00555;1.00553;1.00559;1.00545;1.00545;70543;70153;7885.5;4037.5;14386
27900;1.00564;1.00558;1.00555;1.00561;1.00547;70544.5;70148.5;7884.5;4037.5;14385.5
28000;1.00577;1.0059;1.00583;1.00581;1.00587;70562.5;70157.5;7886.5;4037.5;14386.5
28100;1.00565;1.00563;1.00575;1.00569;1.00567;70552.5;70155.5;7886;4037.5;14386.5
28200;1.00579;1.00584;1.00581;1.00594;1.00588;70565.5;70159;7886.5;4037;14391
28300;1.00575;1.00566;1.00571;1.00568;1.00581;70556.5;70152.5;7885.5;4036.5;14391.5
28400;1.0058;1.00599;1.0059;1.00595;1.00592;70573;70166;7888;4037;14392
28500;1.00575;1.00565;1.00584;1.00575;1.0058;70562.5;70158.5;7886.5;4036.5;14393.5
28600;1.00579;1.00582;1.00572;1.00591;1.00582;70567.5;70161;7886.5;4036.5;14396
28700;1.00589;1.00586;1.0059;1.00579;1.00598;70572.5;70159;7885.5;4036.5;14398
28800;1.00588;1.00587;1.00585;1.00588;1.00577;70571.5;70158.5;7885.5;4036.5;14397.5
28900;1.0058;1.00578;1.00577;1.00575;1.00578;70564.5;70157;7885;4036.5;14398
29000;1.00588;1.00582;1.0058;1.00579;1.00576;70565.5;70152.5;7885;4035.5;14399.5
29100;1.0059;1.00588;1.00582;1.0058;1.00579;70565.5;70151.5;7884.5;4035.5;14400.5
29200;1.0059;1.00583;1.00582;1.00575;1.00573;70561;70146.5;7883.5;4035.5;14399.5
29300;1.00595;1.00593;1.00586;1.00585;1.00578;70563;70145.5;7883.5;4035.5;14398.5
29400;1.006;1.00606;1.00605;1.00597;1.00596;70571;70149.5;7885.5;4035;14397.5
29500;1.00591;1.00593;1.00598;1.00597;1.0059;70565.5;70150.5;7885.5;4035;14398.5
29600;1.00593;1.00602;1.00603;1.00609;1.00608;70573;70156.5;7886.5;4035.5;14397.5
29700;1.00608;1.00607;1.00615;1.00617;1.00622;70582.5;70155.5;7887;4035.5;14394.5
29800;1.00597;1.00595;1.00594;1.00602;1.00604;70573.5;70154;7887.5;4035;14394
29900;1.00603;1.00595;1.00592;1.00591;1.006;70571.5;70148.5;7886.5;4035;14392.5
30000;1.00611;1.00617;1.00609;1.00607;1.00605;70581.5;70152.5;7887;4035;14394.5
30100;1.00631;1.00637;1.00642;1.00635;1.00632;70599.5;70156.5;7888.5;4035;14392.5
30200;1.0063;1.00644;1.0065;1.00656;1.00648;70609;70166.5;7890.5;4035.5;14391.5
30300;1.00637;1.00638;1.00652;1.00658;1.00664;70614.5;70167.5;7889.5;4035.5;14396.5
30400;1.00645;1.00658;1.00659;1.00674;1.00679;70629.5;70176.5;7891.5;4035.5;14397.5
30500;1.00641;1.00629;1.00642;1.00644;1.00658;70618.5;70168.5;7891.5;4034.5;14395.5
30600;1.00639;1.00637;1.00625;1.00638;1.00639;70615.5;70166.5;7891;4034;14398.5
30700;1.00632;1.00627;1.00624;1.00613;1.00626;70607;70163.5;7890.5;4034;14397.5
30800;1.00639;1.00632;1.00628;1.00625;1.00614;70607.5;70158.5;7890.5;4033.5;14395.5
30900;1.00632;1.00631;1.00624;1.00619;1.00617;70601.5;70158;7890;4033.5;14397
31000;1.00648;1.00633;1.00632;1.00625;1.00621;70602.5;70147.5;7889;4033;14393.5
31100;1.0065;1.00658;1.00643;1.00642;1.00635;70609.5;70153.5;7890.5;4033;14393.5
31200;1.00639;1.00644;1.00652;1.00637;1.00637;70605.5;70156.5;7891;4033;14394.5
31300;1.00638;1.00638;1.00642;1.00651;1.00636;70604.5;70156.5;7890.5;4033;14396.5
31400;1.00638;1.00635;1.00635;1.0064;1.00648;70602.5;70154.5;7891;4032.5;14395.5
31500;1.00623;1.00621;1.00618;1.00618;1.00622;70590.5;70153;7891;4032.5;14394
31600;1.0062;1.00611;1.00609;1.00606;1.00606;70582;70146.5;7889.5;4032.5;14393.5
31700;1.00627;1.0064;1.0063;1.00628;1.00625;70595.5;70155.5;7891;4032.5;14396.5
31800;1.00614;1.00602;1.00615;1.00606;1.00604;70578.5;70147.5;7890;4032.5;14392.5
31900;1.00617;1.00611;1.006;1.00613;1.00603;70576.5;70143.5;7888.5;4032.5;14394.5
32000;1.00615;1.00615;1.0061;1.00598;1.00611;70575.5;70144;7888.5;4032.5;14395
32100;1.00602;1.00632;1.00632;1.00627;1.00615;70587.5;70164.5;7892;4033;14398.5
32200;1.00607;1.00605;1.00635;1.00635;1.0063;70589.5;70163.5;7892.5;4033;14395.5
32300;1.00598;1.00598;1.00597;1.00626;1.00627;70583.5;70163.5;7892.5;4032.5;14398.5
32400;1.00584;1.00577;1.00577;1.00575;1.00605;70568.5;70158.5;7892.5;4032;14396.5
32500;1.00582;1.00584;1.00577;1.00577;1.00575;70568.5;70159.5;7892.5;4032;14397.5
32600;1.00592;1.00595;1.00597;1.0059;1.0059;70577.5;70161.5;7892.5;4032.5;14396.5
32700;1.00597;1.00588;1.00591;1.00592;1.00585;70574.5;70155;7892.5;4032.5;14390
32800;1.00592;1.006;1.00591;1.00594;1.00595;70576.5;70160.5;7894;4032.5;14389.5
32900;1.0059;1.006;1.00607;1.00598;1.00601;70581.5;70167.5;7895.5;4032.5;14390.5
33000;1.00587;1.00585;1.00595;1.00603;1.00594;70578.5;70166;7894.5;4032.5;14393
33100;1.00588;1.0059;1.00588;1.00598;1.00606;70580.5;70167.5;7894.5;4033;14391.5
33200;1.00601;1.00601;1.00603;1.00601;1.00611;70589.5;70167.5;7894.5;4033.5;14388.5
33300;1.00602;1.0059;1.0059;1.00592;1.0059;70582;70159.5;7893.5;4032.5;14390.5
33400;1.00602;1.00597;1.00585;1.00585;1.00587;70578.5;70155.5;7892;4033;14389.5
33500;1.0061;1.0062;1.00614;1.00602;1.00602;70590.5;70162;7893;4033;14392
33600;1.00617;1.00616;1.00625;1.0062;1.00608;70594.5;70161.5;7892;4033;14395.5
33700;1.00607;1.0061;1.00609;1.00618;1.00612;70589.5;70163;7892.5;4033;14395
33800;1.00608;1.00606;1.00608;1.00607;1.00617;70588.5;70161.5;7893;4032.5;14394.5
33900;1.0061;1.00604;1.00602;1.00604;1.00603;70585.5;70157.5;7892.5;4032.5;14392.5
34000;1.00615;1.00601;1.00595;1.00593;1.00595;70579.5;70147.5;7892;4032;14387.5
34100;1.00607;1.00608;1.00594;1.00588;1.00586;70574.5;70148.5;7891.5;4032.5;14387.5
34200;1.00595;1.00594;1.00595;1.00581;1.00575;70565.5;70147.5;7891.5;4032;14389.5
34300;1.0061;1.00615;1.00614;1.00615;1.00601;70579.5;70151.5;7891;4032.5;14392.5
34400;1.0062;1.00625;1.00631;1.0063;1.00631;70590.5;70155;7892;4032.5;14392
34500;1.00617;1.0064;1.00645;1.00651;1.0065;70604.5;70171;7894;4033;14397
34600;1.00614;1.00603;1.00626;1.00631;1.00637;70594.5;70163.5;7892.5;4033;14395.5
34700;1.00619;1.00619;1.00609;1.00632;1.00637;70598.5;70163.5;7891;4034;14395.5
34800;1.00627;1.00618;1.00618;1.00607;1.0063;70597.5;70157;7890.5;4033.5;14394
34900;1.00636;1.00623;1.00614;1.00614;1.00603;70594.5;70148;7888.5;4033.5;14393
35000;1.00627;1.0062;1.00607;1.00598;1.00598;70583.5;70143.5;7887.5;4033.5;14392.5
35100;1.00634;1.00628;1.00622;1.00609;1.006;70584.5;70139.5;7887;4033.5;14390.5
35200;1.0064;1.00635;1.0063;1.00623;1.0061;70585.5;70136.5;7886.5;4033.5;14389.5
35300;1.0065;1.00664;1.0066;1.00654;1.00647;70602.5;70146.5;7888;4034;14390.5
35400;1.00635;1.00642;1.00657;1.00652;1.00647;70597.5;70151.5;7888.5;4034.5;14390.5
35500;1.00644;1.00643;1.0065;1.00665;1.0066;70603;70151;7889;4034.5;14388
35600;1.00625;1.00619;1.00618;1.00625;1.0064;70585.5;70146.5;7887.5;4034.5;14389.5
35700;1.00616;1.00611;1.00605;1.00604;1.00611;70575.5;70143;7888;4034;14387
35800;1.0061;1.00623;1.00618;1.00612;1.00611;70580.5;70152.5;7888.5;4035;14388.5
35900;1.00615;1.00617;1.0063;1.00625;1.00619;70585.5;70153.5;7889.5;4034.5;14388.5
36000;1.00601;1.00598;1.006;1.00613;1.00608;70573.5;70151.5;7889.5;4035;14383.5
36100;1.00613;1.00612;1.0061;1.00611;1.00625;70581.5;70151;7890;4035;14381
36200;1.0063;1.00637;1.00637;1.00634;1.00635;70598.5;70156.5;7891.5;4034.5;14383.5
36300;1.00618;1.00615;1.00623;1.00622;1.0062;70588.5;70154.5;7891.5;4034.5;14381.5
36400;1.00634;1.0064;1.00637;1.00645;1.00644;70603.5;70158;7892;4035;14380
36500;1.00649;1.00634;1.0064;1.00637;1.00645;70603.5;70148;7890.5;4034.5;14379
36600;1.00644;1.00649;1.00634;1.0064;1.00637;70603.5;70151.5;7890.5;4035;14379.5
36700;1.00627;1.0063;1.00635;1.0062;1.00625;70593.5;70153.5;7890;4035.5;14380.5
36800;1.00627;1.00624;1.00627;1.00632;1.00617;70591.5;70151;7889.5;4035.5;14380
36900;1.00608;1.0062;1.00617;1.0062;1.00625;70586.5;70159.5;7890.5;4035.5;14384.5
37000;1.006;1.00587;1.00599;1.00595;1.00598;70571.5;70150;7888.5;4035.5;14383
37100;1.00588;1.00589;1.00575;1.00588;1.00584;70563.5;70151;7889;4035.5;14382
37200;1.00598;1.006;1.00602;1.00588;1.006;70572.5;70152.5;7889.5;4035.5;14381.5
37300;1.00612;1.00613;1.00615;1.00617;1.00603;70583;70153;7889.5;4035.5;14382
37400;1.00619;1.00637;1.00638;1.0064;1.00642;70600.5;70165.5;7891;4036;14385.5
37500;1.00615;1.00612;1.0063;1.00631;1.00633;70595.5;70163.5;7889;4036;14391.5
37600;1.00614;1.00618;1.00615;1.00633;1.00634;70597.5;70166;7889;4036.5;14391
37700;1.00611;1.00604;1.00608;1.00605;1.00623;70590.5;70161.5;7888;4036.5;14390.5
37800;1.00624;1.00626;1.00619;1.00623;1.0062;70601;70162.5;7888.5;4036;14392.5
37900;1.00626;1.00619;1.00621;1.00614;1.00618;70597.5;70158;7887.5;4036;14392
38000;1.00621;1.00629;1.00622;1.00624;1.00617;70599.5;70163.5;7889;4035.5;14394.5
38100;1.00622;1.00611;1.00619;1.00612;1.00614;70592.5;70155.5;7888.5;4035;14391.5
38200;1.00621;1.00622;1.00611;1.00619;1.00612;70592.5;70156.5;7887.5;4035.5;14393.5
38300;1.0062;1.00615;1.00617;1.00605;1.00613;70588.5;70153;7888;4035.5;14388
38400;1.00617;1.00619;1.00614;1.00615;1.00604;70587.5;70154.5;7888;4035.5;14389.5
38500;1.00628;1.00631;1.00633;1.00628;1.0063;70597.5;70156.5;7888;4035.5;14391.5
38600;1.00609;1.00624;1.00627;1.00629;1.00624;70594.5;70166.5;7887.5;4036.5;14397.5
38700;1.00609;1.00611;1.00625;1.00628;1.0063;70595.5;70167.5;7887.5;4037;14395.5
38800;1.00609;1.00612;1.00614;1.00628;1.00631;70597.5;70169.5;7887.5;4037;14397.5
38900;1.00614;1.00624;1.00627;1.00628;1.00642;70607.5;70176;7889.5;4036.5;14399
39000;1.00602;1.00593;1.00602;1.00605;1.00607;70592.5;70169.5;7888.5;4036.5;14396.5
39100;1.00608;1.00614;1.00604;1.00614;1.00617;70600.5;70173.5;7890;4036;14397.5
39200;1.00606;1.00599;1.00605;1.00596;1.00605;70594.5;70169;7889.5;4036;14395
39300;1.00602;1.00603;1.00597;1.00602;1.00593;70592.5;70170;7890.5;4036;14392
39400;1.00597;1.00586;1.00587;1.00581;1.00587;70581.5;70162.5;7889.5;4036;14388.5
39500;1.00587;1.00581;1.0057;1.00572;1.00565;70570.5;70158.5;7888;4036.5;14387.5
39600;1.00586;1.00575;1.0057;1.00559;1.0056;70562.5;70151;7887.5;4036;14385
39700;1.00578;1.00586;1.00575;1.0057;1.00559;70562.5;70156.5;7889.5;4036.5;14379.5
39800;1.00578;1.0058;1.00588;1.00577;1.00571;70563.5;70157.5;7889.5;4036.5;14380.5
39900;1.00575;1.00574;1.00575;1.00583;1.00572;70560.5;70157;7890.5;4036.5;14376
40000;1.00592;1.00595;1.00594;1.00595;1.00603;70574.5;70158.5;7890.5;4036.5;14377.5
40100;1.00582;1.00589;1.00591;1.0059;1.00592;70572;70163.5;7890;4037.5;14378.5
40200;1.00572;1.00578;1.00585;1.00587;1.00587;70569.5;70167.5;7890;4038.5;14376.5
40300;1.00582;1.00567;1.00572;1.0058;1.00582;70565.5;70157;7888.5;4038.5;14372
40400;1.0057;1.00566;1.00551;1.00557;1.00564;70554.5;70154.5;7888.5;4038.5;14369.5
40500;1.00568;1.00558;1.00555;1.0054;1.00545;70546.5;70147.5;7887.5;4038.5;14366.5
40600;1.00568;1.00561;1.00551;1.00548;1.00533;70541.5;70142.5;7886.5;4038.5;14365.5
40700;1.00566;1.00575;1.00568;1.00558;1.00554;70546;70148.5;7887.5;4039;14364.5
40800;1.00565;1.00575;1.00584;1.00577;1.00567;70552.5;70155.5;7888.5;4038.5;14370.5
40900;1.00548;1.00553;1.00563;1.00571;1.00564;70543.5;70158.5;7890.5;4038.5;14365.5
41000;1.00544;1.00537;1.00541;1.00551;1.0056;70535.5;70153.5;7889;4039;14363.5
41100;1.00535;1.00543;1.00535;1.0054;1.0055;70534.5;70158.5;7890.5;4038.5;14365.5
41200;1.00525;1.00544;1.00551;1.00544;1.00548;70540.5;70172;7892.5;4039;14368
41300;1.00528;1.00532;1.00551;1.00558;1.00551;70545.5;70174.5;7891.5;4039.5;14371.5
41400;1.00541;1.00531;1.00535;1.00554;1.00561;70547.5;70167.5;7890.5;4039.5;14368.5
41500;1.00549;1.00552;1.00542;1.00546;1.00565;70555.5;70170;7890.5;4039.5;14371
41600;1.00547;1.00535;1.00538;1.00528;1.00532;70545.5;70161.5;7891;4039;14363.5
41700;1.0055;1.0055;1.00537;1.00541;1.00531;70547.5;70161.5;7890.5;4039.5;14362.5
41800;1.00555;1.0055;1.0055;1.00537;1.00541;70547.5;70158;7890.5;4038.5;14365
41900;1.00555;1.00566;1.00561;1.00561;1.00549;70555.5;70166;7892;4038.5;14367
42000;1.00551;1.00539;1.0055;1.00545;1.00545;70544.5;70157.5;7891.5;4038;14363.5
42100;1.00542;1.00538;1.00526;1.00538;1.00533;70535.5;70155;7891.5;4038;14361
42200;1.0055;1.00542;1.00538;1.00526;1.00538;70535.5;70149.5;7891.5;4038;14355.5
42300;1.0054;1.00541;1.00533;1.0053;1.00518;70529.5;70150.5;7891.5;4038.5;14353.5
42400;1.00544;1.00544;1.00545;1.00538;1.00534;70532.5;70150.5;7892.5;4038.5;14349.5
42500;1.00533;1.00527;1.00527;1.00528;1.0052;70520.5;70146.5;7892;4038;14350.5
42600;1.00541;1.00537;1.00531;1.00531;1.00533;70523.5;70143.5;7892.5;4037.5;14348.5
42700;1.00526;1.00533;1.00528;1.00523;1.00523;70517.5;70148;7892.5;4038;14350
42800;1.0053;1.00525;1.00531;1.00527;1.00521;70516.5;70144.5;7892.5;4037.5;14349.5
42900;1.00536;1.00534;1.00529;1.00536;1.00531;70519.5;70143.5;7892.5;4037.5;14348.5
43000;1.00536;1.00548;1.00546;1.00541;1.00548;70528;70151.5;7892.5;4038;14353.5
43100;1.00549;1.00546;1.00558;1.00556;1.00551;70535;70149.5;7890.5;4038.5;14356.5
43200;1.00543;1.00534;1.00531;1.00543;1.00541;70524.5;70143;7890.5;4038;14353
43300;1.00548;1.00549;1.0054;1.00537;1.00548;70528.5;70143.5;7890.5;4037.5;14356.5
43400;1.00541;1.00541;1.00542;1.00533;1.0053;70523.5;70143.5;7890;4037.5;14358.5
43500;1.00535;1.00551;1.00551;1.00552;1.00543;70530.5;70155;7892;4037.5;14362
43600;1.00537;1.00539;1.00556;1.00556;1.00556;70533.5;70156.5;7892;4037.5;14363.5
43700;1.00533;1.00515;1.00517;1.00533;1.00533;70518;70143.5;7890;4037.5;14358.5
43800;1.00539;1.00543;1.00525;1.00527;1.00543;70525;70146.5;7891;4037.5;14357.5
43900;1.00539;1.00533;1.00537;1.00518;1.0052;70520.5;70142;7890;4038.5;14351
44000;1.00548;1.00541;1.00534;1.00538;1.0052;70521.5;70136.5;7889.5;4038.5;14347.5
44100;1.00558;1.00556;1.00548;1.00541;1.00546;70526.5;70134.5;7889.5;4038.5;14345.5
44200;1.00556;1.0056;1.00557;1.00549;1.00543;70527.5;70137.5;7889.5;4038.5;14348.5
44300;1.00568;1.0057;1.00574;1.00571;1.00563;70537.5;70139;7889;4039;14349
44400;1.00574;1.0058;1.00583;1.00587;1.00584;70546.5;70143.5;7890;4039;14349.5
44500;1.00565;1.00566;1.00573;1.00575;1.00579;70541;70144.5;7889;4039.5;14351.5
44600;1.00541;1.00534;1.00536;1.00542;1.00544;70519.5;70140;7888.5;4039.5;14349
44700;1.00516;1.00522;1.00516;1.00517;1.00523;70506.5;70144;7889.5;4039;14352
44800;1.00513;1.00503;1.00509;1.00503;1.00504;70497.5;70137.5;7888.5;4038.5;14352.5
44900;1.00501;1.00506;1.00497;1.00503;1.00496;70493;70141;7890;4038.5;14350
45000;1.00493;1.00482;1.00487;1.00478;1.00484;70479.5;70133.5;7890;4037.5;14348.5
45100;1.00494;1.00484;1.00474;1.00479;1.00469;70473.5;70126.5;7888.5;4037.5;14347.5
45200;1.00497;1.00507;1.00497;1.00486;1.00491;70482.5;70133.5;7890.5;4037;14349.5
45300;1.00502;1.00516;1.00526;1.00516;1.00505;70495.5;70143;7892;4037;14353
45400;1.00507;1.00499;1.00513;1.00523;1.00513;70493.5;70137.5;7891.5;4036.5;14352.5
45500;1.00506;1.00514;1.00506;1.0052;1.0053;70498.5;70143.5;7892.5;4037;14351.5
45600;1.00497;1.00506;1.00514;1.00506;1.0052;70498.5;70149.5;7893.5;4036.5;14356.5
45700;1.00493;1.00506;1.00514;1.00523;1.00515;70504.5;70158.5;7893;4037;14364.5
45800;1.00494;1.00494;1.00507;1.00516;1.00524;70505.5;70158.5;7892.5;4036.5;14369.5
45900;1.00505;1.00506;1.00506;1.00519;1.00528;70514;70159;7892.5;4036.5;14370
46000;1.00493;1.00498;1.00498;1.00498;1.00511;70508.5;70162;7892;4037.5;14369
46100;1.00498;1.00502;1.00506;1.00507;1.00507;70514.5;70164.5;7893;4037;14370.5
46200;1.00484;1.00491;1.00495;1.00499;1.005;70509.5;70169.5;7894;4037;14371.5
46300;1.00493;1.0049;1.00497;1.005;1.00505;70513.5;70167.5;7894;4037;14369.5
46400;1.00512;1.00511;1.00508;1.00515;1.00519;70526.5;70167;7893;4037;14373
46500;1.00517;1.00523;1.00523;1.0052;1.00527;70534.5;70171.5;7892.5;4037;14379.5
46600;1.00513;1.00511;1.00518;1.00517;1.00514;70530.5;70170.5;7893.5;4036.5;14377.5
46700;1.00502;1.00498;1.00496;1.00503;1.00502;70520;70167.5;7894;4036;14375.5
46800;1.00486;1.00481;1.00477;1.00475;1.00482;70505.5;70164;7893.5;4036;14374
46900;1.00491;1.00482;1.00477;1.00473;1.00471;70502.5;70157.5;7893.5;4035.5;14370.5
47000;1.00494;1.00486;1.00476;1.00471;1.00467;70498.5;70151.5;7891.5;4035.5;14372.5
47100;1.00503;1.00497;1.00488;1.00479;1.00474;70500.5;70147.5;7891.5;4035.5;14368.5
47200;1.00498;1.0051;1.00504;1.00496;1.00486;70505.5;70155.5;7891.5;4036.5;14370.5
47300;1.00481;1.00484;1.00496;1.0049;1.00481;70495.5;70157.5;7891;4037;14371.5
47400;1.0047;1.00467;1.0047;1.00481;1.00476;70485.5;70155.5;7890;4037;14373.5
47500;1.00478;1.00474;1.00471;1.00474;1.00486;70488.5;70152.5;7889.5;4037.5;14369.5
47600;1.00473;1.00488;1.00484;1.00481;1.00484;70495.5;70163;7892;4037.5;14370
47700;1.00483;1.00492;1.00507;1.00503;1.005;70508.5;70169.5;7893.5;4037.5;14370.5
47800;1.00466;1.00471;1.00481;1.00496;1.00491;70500.5;70173;7894.5;4037;14373
47900;1.00462;1.00472;1.00477;1.00486;1.00501;70504.5;70180;7894.5;4038;14374
48000;1.00465;1.00473;1.00483;1.00488;1.00498;70512.5;70185.5;7895.5;4038.5;14372.5
48100;1.00478;1.0048;1.00488;1.00498;1.00503;70522.5;70186.5;7896.5;4037.5;14375.5
48200;1.0048;1.00491;1.00492;1.005;1.0051;70531.5;70194;7897.5;4037.5;14379
48300;1.00484;1.00483;1.00494;1.00495;1.00503;70533.5;70193.5;7896.5;4037.5;14382.5
48400;1.00477;1.00485;1.00485;1.00495;1.00497;70534.5;70199.5;7898.5;4037.5;14380.5
48500;1.00467;1.00464;1.00472;1.00472;1.00482;70525.5;70197;7897.5;4037.5;14382
48600;1.00471;1.00479;1.00475;1.00484;1.00483;70533.5;70202.5;7899.5;4037.5;14379.5
48700;1.00465;1.0046;1.00467;1.00464;1.00472;70525.5;70199;7899.5;4037;14379
48800;1.00455;1.00445;1.0044;1.00448;1.00444;70511.5;70192;7898;4036.5;14381
48900;1.00461;1.00459;1.00449;1.00444;1.00452;70514.5;70190.5;7898.5;4036.5;14377.5
49000;1.00467;1.00471;1.00469;1.00459;1.00454;70521.5;70193.5;7897.5;4036.5;14384.5
49100;1.00474;1.00477;1.00481;1.00479;1.00469;70528.5;70195.5;7896.5;4037;14387.5
49200;1.00467;1.00462;1.00465;1.0047;1.00468;70520.5;70192.5;7897;4036.5;14385.5
49300;1.00463;1.0046;1.00455;1.00458;1.00463;70515.5;70190.5;7897.5;4036;14384.5
49400;1.00476;1.00487;1.00484;1.0048;1.00482;70532.5;70198;7898;4037;14384
49500;1.00484;1.00479;1.0049;1.00487;1.00482;70534.5;70194.5;7898;4036.5;14383.5
49600;1.0048;1.00475;1.0047;1.00481;1.00478;70528.5;70191.5;7898;4036.5;14380.5
49700;1.00482;1.00482;1.00478;1.00473;1.00484;70530.5;70192;7897.5;4037;14380
49800;1.00485;1.0048;1.00481;1.00477;1.00472;70529.5;70188.5;7897;4037.5;14375.5
49900;1.00492;1.00498;1.00493;1.00494;1.0049;70538.5;70193;7898.5;4037.5;14374
50000;1.0051;1.0052;1.00527;1.00522;1.00522;70558.5;70200;7899;4037.5;14379
50100;1.00515;1.00523;1.00533;1.00539;1.00534;70567.5;70205.5;7900.5;4037.5;14378.5
50200;1.00499;1.00502;1.0051;1.0052;1.00527;70558.5;70207.5;7900.5;4038;14377.5
50300;1.00497;1.00507;1.00509;1.00517;1.00527;70563.5;70214.5;7900.5;4038.5;14381.5
50400;1.00499;1.00489;1.00499;1.00502;1.0051;70558.5;70207.5;7900;4037.5;14382.5
50500;1.0049;1.00493;1.00483;1.00493;1.00496;70554;70209.5;7900;4037.5;14384.5
50600;1.00489;1.00484;1.00487;1.00477;1.00487;70549.5;70205.5;7899.5;4037.5;14382.5
50700;1.00477;1.00472;1.00467;1.0047;1.0046;70537.5;70202.5;7898;4037.5;14385.5
50800;1.00474;1.00484;1.0048;1.00474;1.00477;70542.5;70209.5;7898.5;4038.5;14384.5
50900;1.00488;1.00492;1.00502;1.00497;1.00492;70555;70212;7898.5;4038.5;14387
51000;1.00498;1.00509;1.00512;1.00522;1.00518;70569.5;70219.5;7898.5;4039.5;14388.5
51100;1.00502;1.00514;1.00524;1.00528;1.00538;70580.5;70227.5;7898.5;4040;14393.5
51200;1.00503;1.00501;1.00512;1.00523;1.00526;70579.5;70226;7897.5;4040;14396
51300;1.00496;1.00496;1.00494;1.00506;1.00517;70575;70226;7897.5;4040;14396
51400;1.00505;1.00501;1.00501;1.00499;1.0051;70578;70223;7897.5;4040;14393
51500;1.00519;1.00514;1.0051;1.0051;1.00508;70584.5;70219.5;7897.5;4039.5;14392.5
51600;1.00518;1.00509;1.00504;1.005;1.005;70577.5;70213.5;7896.5;4039.5;14390.5
51700;1.00512;1.00522;1.00514;1.00509;1.00504;70580.5;70220.5;7896.5;4040;14394.5
51800;1.00518;1.00519;1.00529;1.00521;1.00516;70585.5;70221.5;7897;4040;14393.5
51900;1.00518;1.00501;1.00503;1.00513;1.00504;70574;70210;7896.5;4039.5;14387
52000;1.00527;1.00534;1.00518;1.00519;1.00529;70585.5;70215;7897.5;4039.5;14388
52100;1.00552;1.00551;1.00559;1.00542;1.00544;70602.5;70214.5;7896;4040;14390.5
52200;1.00565;1.00551;1.0055;1.00557;1.00541;70601.5;70204.5;7893.5;4040.5;14387.5
52300;1.00568;1.00581;1.00566;1.00566;1.00573;70612.5;70213.5;7894.5;4041;14389.5
52400;1.00566;1.00556;1.00569;1.00555;1.00554;70604.5;70207;7894.5;4040.5;14386
52500;1.00556;1.00561;1.00552;1.00565;1.00551;70601.5;70210.5;7894.5;4041;14386.5
52600;1.00552;1.00552;1.00557;1.00548;1.00561;70598.5;70210.5;7894.5;4041;14386.5
52700;1.00549;1.00544;1.00544;1.00549;1.00539;70592.5;70207;7893.5;4041;14387
52800;1.0055;1.00544;1.00539;1.00539;1.00544;70589;70202.5;7892;4041;14388.5
52900;1.00549;1.00542;1.00536;1.00531;1.00531;70583.5;70197.5;7892;4040.5;14386.5
53000;1.00539;1.00547;1.00539;1.00533;1.00528;70581.5;70202.5;7892;4041;14388.5
53100;1.0053;1.00522;1.00529;1.00522;1.00516;70569.5;70197;7891;4041;14387
53200;1.00532;1.00529;1.00521;1.00528;1.00521;70568.5;70194.5;7891;4040.5;14387.5
53300;1.00514;1.00522;1.00519;1.00511;1.00518;70561.5;70200.5;7891.5;4040.5;14391.5
53400;1.00519;1.00525;1.00534;1.0053;1.00522;70569.5;70204.5;7892.5;4041;14388.5
53500;1.0051;1.00518;1.00524;1.00532;1.00529;70568.5;70210;7893;4041.5;14389
53600;1.00512;1.00519;1.00527;1.00532;1.00541;70574.5;70214.5;7893;4041.5;14393.5
53700;1.00511;1.00509;1.00516;1.00524;1.00529;70572.5;70213.5;7892;4041.5;14396.5
53800;1.00511;1.00499;1.00498;1.00504;1.00512;70564.5;70205.5;7890.5;4041.5;14394.5
53900;1.00503;1.00491;1.00479;1.00478;1.00484;70550.5;70197;7889.5;4041;14393
54000;1.00495;1.00499;1.00487;1.00475;1.00474;70547.5;70199.5;7889;4041.5;14394.5
54100;1.00498;1.0049;1.00493;1.00481;1.00469;70543.5;70193.5;7888;4041.5;14392.5
54200;1.00502;1.00505;1.00497;1.005;1.00488;70548.5;70195.5;7888.5;4041.5;14392.5
54300;1.00492;1.00477;1.0048;1.00471;1.00475;70530.5;70185;7887.5;4041;14389
54400;1.0051;1.00502;1.00487;1.0049;1.00481;70537.5;70179.5;7886.5;4040.5;14390.5
54500;1.00515;1.00503;1.00495;1.0048;1.00483;70533;70171.5;7885.5;4040.5;14386.5
54600;1.0053;1.00538;1.00527;1.00519;1.00504;70549.5;70177.5;7887;4040.5;14386.5
54700;1.0052;1.00515;1.00524;1.00512;1.00505;70539.5;70174.5;7886.5;4040;14388.5
54800;1.00535;1.0054;1.00535;1.00544;1.00532;70553.5;70177.5;7888.5;4039.5;14386.5
54900;1.00534;1.00538;1.00542;1.00538;1.00547;70555.5;70180.5;7889.5;4040;14382.5
55000;1.00533;1.00521;1.00525;1.0053;1.00525;70546.5;70172;7889;4039.5;14379
55100;1.0053;1.00535;1.00522;1.00527;1.00531;70547.5;70175;7891;4039.5;14374
55200;1.00525;1.00536;1.0054;1.00528;1.00532;70551.5;70182.5;7891;4040;14378.5
55300;1.00515;1.00505;1.00516;1.0052;1.00508;70537.5;70175.5;7890.5;4040;14373.5
55400;1.00509;1.00501;1.00491;1.00502;1.00506;70527.5;70170;7888.5;4041;14370
55500;1.00503;1.00508;1.005;1.0049;1.005;70526.5;70173.5;7888.5;4041.5;14370.5
55600;1.00512;1.00513;1.00518;1.0051;1.005;70533.5;70174;7888.5;4041.5;14371
55700;1.00517;1.0052;1.00521;1.00526;1.00518;70539.5;70176.5;7888.5;4041.5;14373.5
55800;1.0051;1.00512;1.00516;1.00517;1.00522;70536.5;70178.5;7888;4041.5;14377.5
55900;1.00517;1.00515;1.00518;1.00522;1.00522;70540.5;70177.5;7887.5;4041.5;14378.5
56000;1.0052;1.00522;1.00521;1.00524;1.00527;70544.5;70179.5;7888;4041.5;14378.5
56100;1.00525;1.00522;1.00525;1.00524;1.00527;70546.5;70177.5;7888;4041.5;14376.5
56200;1.00512;1.0051;1.00507;1.0051;1.00508;70535.5;70176;7887;4042;14376
56300;1.0051;1.00513;1.00511;1.00508;1.00511;70536.5;70178.5;7885.5;4043;14378.5
56400;1.00512;1.00525;1.00529;1.00527;1.00524;70547.5;70187.5;7886.5;4043.5;14380.5
56500;1.00516;1.00525;1.00538;1.00542;1.0054;70556.5;70194;7887;4044;14382
56600;1.00507;1.00498;1.00507;1.0052;1.00524;70544;70187.5;7886.5;4044;14377.5
56700;1.00517;1.0051;1.005;1.0051;1.00522;70545.5;70182.5;7886.5;4043.5;14375.5
56800;1.00514;1.00527;1.0052;1.0051;1.0052;70552.5;70191.5;7888.5;4044;14373.5
56900;1.00516;1.00514;1.00527;1.0052;1.0051;70552.5;70190;7888.5;4044;14372
57000;1.0053;1.0053;1.00528;1.00541;1.00534;70562.5;70190;7890;4043.5;14369
57100;1.00538;1.00557;1.00557;1.00555;1.00568;70581.5;70203.5;7891.5;4044.5;14370.5
57200;1.00532;1.00537;1.00556;1.00556;1.00554;70580.5;70206.5;7890;4045.5;14373.5
57300;1.00531;1.00538;1.00542;1.00562;1.00562;70584.5;70211.5;7890;4045.5;14378.5
57400;1.00524;1.00531;1.00538;1.00542;1.00562;70584.5;70216;7891.5;4045.5;14377
57500;1.00539;1.00536;1.00542;1.00549;1.00554;70592.5;70213.5;7891;4045.5;14376.5
57600;1.00534;1.00535;1.00531;1.00538;1.00545;70589.5;70214;7892.5;4044.5;14377
57700;1.00527;1.00529;1.00529;1.00526;1.00532;70585.5;70215;7892;4045;14377
57800;1.00522;1.00524;1.00526;1.00526;1.00523;70583.5;70216.5;7893;4045;14374.5
57900;1.00538;1.00542;1.00544;1.00546;1.00546;70597.5;70219.5;7894;4044.5;14376.5
58000;1.00528;1.00506;1.00511;1.00513;1.00514;70575.5;70204.5;7891.5;4044.5;14371.5
58100;1.00519;1.00527;1.00505;1.00509;1.00511;70574.5;70210;7892.5;4045;14370
58200;1.00527;1.00521;1.00529;1.00507;1.00511;70576;70205.5;7892;4045.5;14364.5
58300;1.00522;1.00511;1.00504;1.00512;1.00491;70564.5;70197.5;7891;4044.5;14366.5
58400;1.00527;1.00517;1.00505;1.00499;1.00507;70560.5;70190.5;7891;4044;14362.5
58500;1.00529;1.00528;1.00518;1.00507;1.005;70561.5;70189.5;7891.5;4044;14359.5
58600;1.00531;1.00538;1.00537;1.00527;1.00515;70567.5;70194.5;7892;4044.5;14359.5
58700;1.00522;1.00527;1.00534;1.00532;1.00522;70564.5;70197.5;7893.5;4044.5;14356.5
58800;1.00521;1.00508;1.00512;1.0052;1.00518;70554.5;70188.5;7892.5;4043.5;14357.5
58900;1.00524;1.00528;1.00515;1.00519;1.00527;70559.5;70191.5;7893.5;4043.5;14356.5
59000;1.00522;1.00538;1.00542;1.00529;1.00534;70569.5;70202.5;7895;4043.5;14361.5
59100;1.00542;1.00546;1.00562;1.00567;1.00554;70586.5;70205.5;7896.5;4043.5;14358.5
59200;1.00534;1.00546;1.00551;1.00567;1.00571;70589.5;70214;7897;4045;14356
59300;1.00555;1.0055;1.00562;1.00566;1.00582;70600.5;70210.5;7896.5;4044.5;14357.5
59400;1.00565;1.00569;1.00564;1.00576;1.00581;70610.5;70213.5;7896.5;4045;14357.5
59500;1.00571;1.00569;1.00573;1.00568;1.00581;70613.5;70212;7896.5;4044.5;14359
59600;1.00577;1.0057;1.00568;1.00572;1.00567;70612.5;70207;7895.5;4044.5;14358
59700;1.00583;1.00594;1.00587;1.00585;1.00589;70624.5;70214.5;7896;4045;14360.5
59800;1.00585;1.00592;1.00603;1.00596;1.00593;70630.5;70219.5;7897;4045;14361.5
59900;1.00583;1.00586;1.00593;1.00604;1.00597;70631.5;70221.5;7896.5;4045;14365.5
60000;1.00572;1.00561;1.00563;1.00571;1.00581;70615.5;70213.5;7895.5;4045;14361.5
60100;1.0056;1.00556;1.00545;1.00548;1.00555;70604.5;70211;7895.5;4044.5;14362
60200;1.00556;1.00564;1.00561;1.00549;1.00552;70607.5;70216.5;7897;4044.5;14361.5
60300;1.00564;1.00571;1.00579;1.00576;1.00564;70618;70221.5;7898;4044.5;14362.5
60400;1.00563;1.00559;1.00566;1.00574;1.00571;70614.5;70219;7898;4044.5;14360
60500;1.00569;1.00577;1.00573;1.00581;1.00588;70624.5;70224.5;7898;4045;14362.5
60600;1.00562;1.00555;1.00563;1.00559;1.00566;70614.5;70219.5;7898.5;4044.5;14358.5
60700;1.00563;1.00572;1.00565;1.00573;1.00569;70621.5;70226;7899.5;4044.5;14361
60800;1.00553;1.0055;1.00559;1.00552;1.0056;70612.5;70223.5;7898.5;4044.5;14362.5
60900;1.00561;1.00545;1.00541;1.00551;1.00543;70606.5;70212.5;7898.5;4043.5;14357.5
61000;1.00552;1.00559;1.00543;1.0054;1.00549;70605.5;70217.5;7899.5;4043.5;14358.5
61100;1.00541;1.00538;1.00545;1.00529;1.00526;70595.5;70215.5;7901;4043;14353.5
61200;1.00522;1.00526;1.00524;1.00531;1.00515;70585.5;70218.5;7900;4044;14354.5
61300;1.00521;1.00512;1.00516;1.00514;1.00521;70578.5;70212.5;7899.5;4044;14350.5
61400;1.00519;1.00536;1.00528;1.00532;1.00529;70589.5;70224.5;7901;4045;14350.5
61500;1.00529;1.00532;1.00549;1.00541;1.00545;70598.5;70226.5;7902.5;4044.5;14349.5
61600;1.00519;1.00508;1.00511;1.00528;1.00519;70583.5;70219;7902.5;4044;14345
61700;1.00514;1.00513;1.00502;1.00505;1.00522;70579.5;70218;7902;4045;14340
61800;1.00497;1.00497;1.00495;1.00484;1.00487;70567;70217.5;7901.5;4045;14341.5
61900;1.00501;1.00496;1.00495;1.00494;1.00483;70566;70214;7901;4045;14340
62000;1.00502;1.00503;1.00498;1.00497;1.00496;70567.5;70215;7900.5;4045;14343
62100;1.00511;1.0051;1.00512;1.00506;1.00506;70573.5;70214.5;7900.5;4045;14342.5
62200;1.00514;1.00519;1.00519;1.0052;1.00515;70579.5;70218.5;7899.5;4045;14350.5
62300;1.00524;1.00539;1.00544;1.00544;1.00545;70597;70228.5;7902;4045;14350.5
62400;1.00529;1.00548;1.00562;1.00568;1.00567;70613.5;70241.5;7902.5;4046;14355.5
62500;1.00536;1.00539;1.00558;1.00572;1.00578;70620.5;70243.5;7903.5;4045.5;14356.5
62600;1.00538;1.00546;1.00549;1.00568;1.00582;70627.5;70249.5;7903.5;4046.5;14356.5
62700;1.00547;1.00545;1.00553;1.00556;1.00575;70632.5;70248;7903.5;4046;14358
62800;1.00549;1.00545;1.00543;1.00551;1.00554;70631;70245;7902.5;4046.5;14356
62900;1.00556;1.00545;1.00541;1.00539;1.00548;70628.5;70237.5;7902.5;4045.5;14354.5
63000;1.00546;1.00552;1.00541;1.00537;1.00535;70625.5;70241.5;7902.5;4045.5;14358.5
63100;1.00548;1.00545;1.0055;1.0054;1.00535;70624.5;70239.5;7902;4045.5;14358.5
63200;1.00541;1.00533;1.00531;1.00536;1.00526;70614.5;70234.5;7901.5;4045.5;14355.5
63300;1.00548;1.00551;1.00543;1.0054;1.00546;70621.5;70236.5;7902.5;4045;14356.5
63400;1.00553;1.00545;1.00548;1.00541;1.00538;70619.5;70230.5;7901.5;4045;14354.5
63500;1.00546;1.00552;1.00543;1.00546;1.00539;70618.5;70234.5;7902.5;4045;14354.5
63600;1.00543;1.00543;1.00549;1.00541;1.00543;70616.5;70234.5;7902.5;4044.5;14357.5
63700;1.00539;1.00548;1.00548;1.00553;1.00545;70619.5;70240.5;7903;4044.5;14361.5
63800;1.00528;1.00532;1.00541;1.00541;1.00546;70614.5;70243.5;7902.5;4044.5;14366.5
63900;1.00533;1.00526;1.00531;1.00539;1.00539;70613.5;70238.5;7900.5;4044.5;14369.5
64000;1.00522;1.00529;1.00522;1.00526;1.00535;70610.5;70243.5;7902;4044;14371.5
64100;1.00523;1.00528;1.00535;1.00528;1.00532;70614.5;70246.5;7902.5;4044;14372.5
64200;1.00521;1.00511;1.00515;1.00522;1.00515;70605.5;70239.5;7900.5;4044;14373.5
64300;1.00511;1.00518;1.00508;1.00513;1.0052;70604;70244.5;7902.5;4043.5;14373.5
64400;1.00513;1.00526;1.00533;1.00523;1.00528;70614.5;70254;7902.5;4044;14380
64500;1.00508;1.00497;1.00511;1.00518;1.00508;70603.5;70246.5;7901.5;4043.5;14379.5
64600;1.00511;1.00512;1.00501;1.00515;1.00522;70606.5;70247.5;7900.5;4043.5;14384.5
64700;1.00504;1.00509;1.00511;1.005;1.00513;70605.5;70251;7901.5;4043.5;14384
64800;1.00491;1.00499;1.00504;1.00506;1.00495;70602;70256.5;7902;4043.5;14387.5
64900;1.00499;1.00491;1.00498;1.00503;1.00505;70601.5;70250.5;7902.5;4043.5;14379.5
65000;1.00496;1.00498;1.00489;1.00497;1.00502;70600.5;70251.5;7902.5;4043.5;14380.5
65100;1.00502;1.00483;1.00485;1.00476;1.00484;70591.5;70238.5;7900.5;4043;14378.5
65200;1.00493;1.00506;1.00488;1.00489;1.00481;70594.5;70248;7901;4043.5;14383
65300;1.00506;1.00513;1.00526;1.00508;1.00509;70608.5;70252.5;7901;4043.5;14387.5
65400;1.00511;1.00506;1.00512;1.00526;1.00507;70608;70248.5;7900.5;4043.5;14385.5
65500;1.00511;1.00515;1.00509;1.00516;1.00529;70610.5;70251.5;7900.5;4044;14385.5
65600;1.00515;1.00516;1.00521;1.00515;1.00521;70614.5;70252.5;7900;4044;14388.5
65700;1.0052;1.00533;1.00534;1.00538;1.00533;70627;70261;7902;4044;14389
65800;1.00522;1.00524;1.00536;1.00538;1.00542;70629.5;70262.5;7901.5;4044.5;14389.5
65900;1.0052;1.00542;1.00544;1.00556;1.00557;70643.5;70277.5;7904.5;4044.5;14392.5
66000;1.00537;1.00533;1.00555;1.00557;1.00569;70652.5;70275;7904;4045;14389
66100;1.00546;1.00552;1.00549;1.0057;1.00572;70663.5;70279.5;7904;4045;14393.5
66200;1.00555;1.00558;1.00564;1.00561;1.00582;70672;70281.5;7905;4044.5;14394.5
66300;1.00551;1.00546;1.00549;1.00555;1.00552;70665.5;70278;7904.5;4045.5;14387
66400;1.00563;1.00561;1.00556;1.00559;1.00565;70672.5;70276.5;7905.5;4045;14384.5
66500;1.00569;1.00556;1.00554;1.00549;1.00552;70667.5;70267.5;7904;4044.5;14384.5
66600;1.00578;1.00584;1.00572;1.00569;1.00564;70678.5;70272;7903.5;4044.5;14391
66700;1.0058;1.00574;1.0058;1.00567;1.00565;70675.5;70267.5;7903;4044;14391.5
66800;1.00586;1.00579;1.00572;1.00579;1.00566;70674.5;70262.5;7902;4044.5;14387.5
66900;1.00602;1.00606;1.00599;1.00592;1.00599;70688.5;70265.5;7902.5;4044;14391.5
67000;1.0061;1.00607;1.00611;1.00604;1.00598;70692.5;70263.5;7902.5;4043.5;14392.5
67100;1.00607;1.00617;1.00614;1.00619;1.00611;70697.5;70270.5;7903.5;4044;14392.5
67200;1.00595;1.00599;1.00609;1.00606;1.0061;70691.5;70273;7902.5;4044.5;14396
67300;1.00592;1.00598;1.00601;1.00611;1.00609;70693.5;70277;7904.5;4044;14395
67400;1.00585;1.00575;1.00581;1.00584;1.00594;70681.5;70270;7903.5;4043.5;14395
67500;1.00591;1.00598;1.00588;1.00594;1.00597;70690.5;70275;7904;4043.5;14398
67600;1.00584;1.00584;1.00591;1.00581;1.00586;70685.5;70274.5;7903.5;4043.5;14399.5
67700;1.00584;1.006;1.00599;1.00606;1.00596;70696.5;70285.5;7905.5;4043.5;14402.5
67800;1.00574;1.00571;1.00587;1.00586;1.00594;70687.5;70283.5;7904.5;4044;14401.5
67900;1.00563;1.00566;1.00563;1.00579;1.00578;70681.5;70285.5;7903;4044.5;14406.5
68000;1.00574;1.00571;1.00574;1.00571;1.00587;70687.5;70284;7903.5;4044.5;14403
68100;1.00564;1.00555;1.00553;1.00556;1.00553;70674.5;70277.5;7903.5;4044;14399.5
68200;1.00562;1.0056;1.00551;1.00549;1.00552;70671.5;70276;7902;4044.5;14401
68300;1.00562;1.00569;1.00567;1.00558;1.00556;70676.5;70281.5;7903.5;4044.5;14400.5
68400;1.00576;1.00576;1.00584;1.00581;1.00572;70686.5;70281.5;7904;4044;14401.5
68500;1.00574;1.00574;1.00574;1.00581;1.00579;70685;70281.5;7904;4044;14401.5
68600;1.00577;1.00566;1.00566;1.00566;1.00574;70679.5;70273.5;7902;4044;14401.5
68700;1.00577;1.00576;1.00564;1.00564;1.00564;70678.5;70273;7902.5;4044;14399
68800;1.00581;1.00591;1.0059;1.00579;1.00579;70688.5;70279.5;7904.5;4043.5;14400.5
68900;1.00575;1.00583;1.00592;1.00591;1.0058;70689.5;70285;7905;4043.5;14404
69000;1.00586;1.0058;1.00588;1.00597;1.00596;70693;70281;7904.5;4043.5;14402
69100;1.00588;1.00601;1.00596;1.00604;1.00613;70704;70290.5;7904;4044.5;14407.5
69200;1.00581;1.00587;1.00601;1.00595;1.00603;70703.5;70294.5;7904.5;4044;14412.5
69300;1.00577;1.00571;1.00577;1.00591;1.00585;70696.5;70290.5;7902.5;4045;14410.5
69400;1.00571;1.00574;1.00569;1.00574;1.00588;70694.5;70292.5;7902.5;4045;14412.5
69500;1.00576;1.00571;1.00574;1.00569;1.00574;70694.5;70289;7901.5;4045.5;14410
69600;1.00582;1.00585;1.0058;1.00583;1.00577;70700.5;70291;7902;4045.5;14410
69700;1.00591;1.00582;1.00585;1.0058;1.00583;70700.5;70284.5;7901;4045.5;14407.5
69800;1.00586;1.00589;1.00579;1.00582;1.00577;70698.5;70286.5;7901;4046;14406.5
69900;1.00594;1.00586;1.00589;1.00579;1.00582;70698.5;70280.5;7901.5;4045.5;14401.5
70000;1.0059;1.00594;1.00586;1.00589;1.00579;70698.5;70283.5;7903;4045;14401.5
70100;1.00589;1.00595;1.00599;1.00591;1.00594;70702;70288;7904;4045.5;14399
70200;1.00597;1.00606;1.00613;1.00617;1.00608;70714.5;70294.5;7905.5;4046;14396.5
70300;1.00597;1.00584;1.00593;1.006;1.00604;70705.5;70285.5;7904.5;4046;14391.5
70400;1.0059;1.00586;1.00573;1.00582;1.00589;70697.5;70282.5;7905;4045;14392.5
70500;1.00599;1.00616;1.00612;1.00599;1.00608;70716;70294.5;7907.5;4044.5;14397.5
70600;1.00582;1.00587;1.00604;1.006;1.00587;70707.5;70298;7908.5;4044.5;14397
70700;1.00577;1.00577;1.00582;1.00599;1.00595;70704;70298;7908.5;4044.5;14397
70800;1.00573;1.00564;1.00564;1.00569;1.00586;70694.5;70291.5;7907.5;4044.5;14394.5
70900;1.00573;1.0058;1.00571;1.00571;1.00576;70699.5;70296.5;7909;4044.5;14393.5
71000;1.0057;1.00573;1.0058;1.00571;1.00571;70699.5;70298.5;7910;4044.5;14391.5
71100;1.00566;1.0056;1.00563;1.0057;1.00561;70692.5;70294.5;7910;4044.5;14387.5
71200;1.00573;1.00557;1.00551;1.00554;1.00561;70686.5;70283.5;7908.5;4044;14385.5
71300;1.00567;1.00563;1.00547;1.00541;1.00544;70679.5;70281;7907.5;4044.5;14384
71400;1.00584;1.00592;1.00589;1.00573;1.00567;70697.5;70286.5;7908.5;4044.5;14385.5
71500;1.00569;1.00576;1.00584;1.0058;1.00564;70691.5;70291.5;7908.5;4045.5;14384.5
71600;1.0057;1.00579;1.00586;1.00594;1.0059;70698.5;70297.5;7910.5;4045;14385.5
71700;1.0058;1.00584;1.00593;1.006;1.00608;70708.5;70300.5;7909.5;4045.5;14389.5
71800;1.00584;1.00588;1.00593;1.00601;1.00608;70714.5;70303.5;7909.5;4045.5;14392.5
71900;1.00583;1.00582;1.00586;1.00591;1.00599;70713;70302.5;7909.5;4045.5;14391.5
72000;1.00593;1.0058;1.00578;1.00583;1.00587;70710.5;70293;7907.5;4046;14387
72100;1.006;1.00595;1.00581;1.0058;1.00584;70711.5;70289.5;7907.5;4045.5;14386.5
72200;1.00588;1.0059;1.00585;1.00571;1.0057;70704.5;70290.5;7907.5;4045.5;14387.5
72300;1.0059;1.00611;1.00613;1.00608;1.00594;70720.5;70305.5;7909;4046.5;14390.5
72400;1.00605;1.00598;1.00619;1.00621;1.00615;70726;70300;7909;4045.5;14391
72500;1.00613;1.00618;1.0061;1.00631;1.00633;70734.5;70303;7908.5;4045;14399
72600;1.00616;1.00603;1.00607;1.00599;1.0062;70727;70293.5;7907;4044.5;14398.5
72700;1.00606;1.00607;1.00593;1.00598;1.0059;70720.5;70294.5;7907.5;4044;14400.5
72800;1.00623;1.00624;1.00625;1.00612;1.00616;70733.5;70295;7909;4043.5;14398
72900;1.00628;1.00627;1.00628;1.00629;1.00615;70736;70294.5;7909.5;4043.5;14395.5
73000;1.00623;1.00633;1.00632;1.00633;1.00634;70739.5;70301;7910.5;4044;14395
73100;1.00609;1.00602;1.00611;1.0061;1.00611;70724.5;70296;7909;4044;14396
73200;1.00619;1.00626;1.00619;1.00628;1.00628;70736.5;70301;7910.5;4043.5;14398
73300;1.0063;1.00612;1.00619;1.00612;1.00621;70731.5;70288.5;7909.5;4043.5;14389.5
73400;1.00623;1.0063;1.00612;1.00619;1.00612;70731.5;70293;7909;4044;14393
73500;1.00632;1.00623;1.00629;1.00611;1.00618;70731;70286.5;7907;4043.5;14397.5
73600;1.00641;1.00644;1.00635;1.00641;1.00623;70739.5;70288.5;7906.5;4043.5;14401.5
73700;1.0064;1.0064;1.00643;1.00634;1.0064;70739;70289;7906;4043.5;14404
73800;1.00655;1.00646;1.00647;1.0065;1.0064;70743.5;70282.5;7904.5;4043.5;14403.5
73900;1.00667;1.00675;1.00666;1.00667;1.0067;70757.5;70288.5;7905.5;4043.5;14405.5
74000;1.0067;1.00665;1.00674;1.00665;1.00665;70756.5;70285.5;7904.5;4043;14409.5
74100;1.00669;1.0067;1.00665;1.00674;1.00665;70756.5;70286;7904.5;4043.5;14407
74200;1.0066;1.00673;1.00674;1.0067;1.00678;70759.5;70295;7905.5;4044;14409
74300;1.00652;1.00652;1.00665;1.00665;1.00661;70753.5;70294.5;7905;4044;14410.5
74400;1.00648;1.00648;1.00647;1.0066;1.00661;70750.5;70294.5;7905;4044;14410.5
74500;1.00644;1.00658;1.00658;1.00657;1.0067;70757.5;70304.5;7905.5;4044.5;14415.5
74600;1.0063;1.00623;1.00637;1.00637;1.00636;70742.5;70299;7904.5;4044.5;14414
74700;1.00645;1.00642;1.00634;1.00648;1.00648;70750.5;70296.5;7904.5;4044.5;14411.5
74800;1.00647;1.0065;1.00646;1.00638;1.00652;70753.5;70298.5;7905;4044.5;14411.5
74900;1.00637;1.00633;1.00636;1.00633;1.00625;70744;70296;7905.5;4044;14410
75000;1.00639;1.00649;1.00645;1.00648;1.00645;70752.5;70303;7905.5;4044.5;14414
75100;1.00642;1.00636;1.00646;1.00642;1.00645;70750.5;70298.5;7905.5;4044.5;14409.5
75200;1.00652;1.00642;1.00636;1.00646;1.00642;70750.5;70291.5;7904.5;4044.5;14406.5
75300;1.00644;1.00644;1.00634;1.00627;1.00638;70744.5;70291.5;7903.5;4045;14407.5
75400;1.00643;1.00648;1.00648;1.00637;1.00631;70747;70294.5;7904.5;4044.5;14409.5
75500;1.00635;1.00634;1.00638;1.00638;1.00628;70740.5;70293.5;7905;4044.5;14406.5
75600;1.00626;1.00632;1.0063;1.00635;1.00635;70738;70297.5;7906.5;4043.5;14410.5
75700;1.00612;1.00616;1.00622;1.0062;1.00625;70731;70300.5;7908.5;4043.5;14405.5
75800;1.00624;1.00635;1.0064;1.00645;1.00644;70747.5;70308.5;7909;4044;14408.5
75900;1.00626;1.00621;1.00632;1.00637;1.00643;70745.5;70305;7909.5;4043.5;14406
76000;1.00625;1.0063;1.00625;1.00637;1.00641;70748.5;70309;7910;4044;14405
76100;1.0064;1.00642;1.00647;1.00642;1.00654;70760.5;70310;7909;4044;14410
76200;1.00637;1.00635;1.00636;1.00642;1.00637;70756.5;70308;7908.5;4044;14410
76300;1.00634;1.00635;1.00632;1.00633;1.00639;70754.5;70308.5;7909;4044;14408.5
76400;1.00628;1.00625;1.00626;1.00623;1.00625;70748.5;70306.5;7909;4043.5;14409.5
76500;1.00641;1.00651;1.00648;1.00649;1.00646;70764.5;70313.5;7909.5;4043.5;14414.5
76600;1.00632;1.00638;1.00648;1.00645;1.00646;70762.5;70318;7910.5;4043.5;14415
76700;1.00635;1.00627;1.00634;1.00644;1.00641;70759.5;70313;7910.5;4043;14413
76800;1.00628;1.0063;1.00623;1.0063;1.0064;70756.5;70314.5;7911.5;4042.5;14413.5
76900;1.00608;1.00603;1.00605;1.00597;1.00604;70738.5;70310.5;7912;4042;14410.5
77000;1.00599;1.0059;1.00584;1.00586;1.00579;70725.5;70304;7910;4042.5;14409
77100;1.00604;1.00596;1.00587;1.00581;1.00583;70723.5;70298.5;7909;4042.5;14407.5
77200;1.00603;1.00614;1.00606;1.00597;1.00591;70730.5;70306.5;7910.5;4042.5;14409.5
77300;1.00591;1.00601;1.00613;1.00605;1.00595;70729.5;70313.5;7912.5;4042.5;14408.5
77400;1.0058;1.00575;1.00586;1.00597;1.00589;70718.5;70310.5;7911.5;4042.5;14409.5
77500;1.00588;1.00593;1.00588;1.00598;1.0061;70727.5;70314;7911.5;4042.5;14413
77600;1.00588;1.00612;1.00617;1.00612;1.00622;70744.5;70330.5;7914.5;4042.5;14417.5
77700;1.00593;1.00588;1.00612;1.00617;1.00612;70744.5;70327;7915.5;4042;14413
77800;1.00599;1.00596;1.00591;1.00615;1.0062;70746.5;70325;7915;4042;14413
77900;1.00603;1.00593;1.0059;1.00585;1.00609;70742.5;70318;7914;4042;14410
78000;1.0061;1.00603;1.00593;1.0059;1.00585;70742.5;70313;7913;4041.5;14412
78100;1.00608;1.00607;1.006;1.0059;1.00587;70740.5;70312.5;7913.5;4041;14412.5
78200;1.00619;1.0062;1.00619;1.00612;1.00602;70748.5;70313;7913.5;4041;14413
78300;1.00618;1.00606;1.00607;1.00606;1.00599;70739.5;70304.5;7912.5;4040.5;14411.5
78400;1.00598;1.00605;1.00593;1.00594;1.00593;70730.5;70310;7914.5;4040.5;14409
78500;1.00598;1.00585;1.00593;1.00581;1.00582;70722;70301.5;7913.5;4040.5;14404.5
78600;1.00595;1.00603;1.0059;1.00598;1.00586;70725.5;70306.5;7914;4040.5;14407.5
78700;1.00613;1.00615;1.00623;1.0061;1.00618;70739.5;70308;7914.5;4040.5;14407
78800;1.00627;1.00616;1.00618;1.00625;1.00613;70741.5;70300.5;7912.5;4040.5;14407.5
78900;1.00622;1.00632;1.00622;1.00624;1.00631;70745.5;70307.5;7912.5;4041.5;14408.5
79000;1.0063;1.00622;1.00632;1.00621;1.00623;70745;70301.5;7910.5;4041.5;14410.5
79100;1.00627;1.00634;1.00625;1.00635;1.00625;70747.5;70306.5;7910.5;4041.5;14415.5
79200;1.00635;1.00634;1.00641;1.00632;1.00642;70752.5;70305.5;7909.5;4042;14415.5
79300;1.0063;1.0064;1.00638;1.00645;1.00637;70755.5;70312.5;7910;4042.5;14417.5
79400;1.00642;1.00633;1.00643;1.00642;1.00649;70758;70306;7909.5;4042.5;14413
79500;1.00643;1.00647;1.00638;1.00648;1.00647;70761.5;70309;7910.5;4042.5;14412
79600;1.00651;1.00636;1.0064;1.00631;1.00641;70756.5;70298.5;7907.5;4043;14410.5
79700;1.00645;1.00638;1.00623;1.00627;1.00618;70747.5;70293.5;7907.5;4042.5;14408.5
79800;1.00618;1.00634;1.00627;1.00612;1.00616;70739.5;70305;7909.5;4042.5;14412
79900;1.00618;1.00618;1.00635;1.00628;1.00613;70740;70305.5;7909.5;4042.5;14412.5
80000;1.00624;1.00628;1.00629;1.00645;1.00638;70747.5;70308.5;7911;4042;14412.5
80100;1.00633;1.00618;1.00622;1.00623;1.0064;70743.5;70298.5;7909;4041.5;14413.5
80200;1.00618;1.00611;1.00597;1.00601;1.00602;70728.5;70293.5;7908;4041.5;14412.5
80300;1.00613;1.00611;1.00604;1.0059;1.00594;70723.5;70292;7908.5;4041;14412
80400;1.00601;1.00595;1.00593;1.00586;1.00571;70710.5;70287.5;7908.5;4040.5;14410.5
80500;1.00613;1.00606;1.006;1.00598;1.00591;70714;70283;7907;4041;14409
80600;1.00613;1.00613;1.00607;1.00601;1.00598;70714.5;70283;7906.5;4041.5;14408
80700;1.00621;1.00623;1.00623;1.00617;1.00611;70721.5;70284.5;7905.5;4042.5;14407.5
80800;1.00618;1.00608;1.00611;1.00611;1.00604;70712.5;70277.5;7905;4042.5;14402.5
80900;1.00622;1.00626;1.00616;1.00618;1.00618;70717.5;70280;7905.5;4042.5;14403
81000;1.00629;1.00632;1.00636;1.00626;1.00628;70724.5;70282;7906;4042.5;14403
81100;1.00621;1.00628;1.00631;1.00634;1.00624;70723.5;70286.5;7906;4043;14404.5
81200;1.00616;1.00597;1.00603;1.00606;1.0061;70706.5;70273.5;7903.5;4043;14401.5
81300;1.00624;1.00613;1.00594;1.00601;1.00604;70704.5;70266;7903;4042.5;14399
81400;1.00631;1.00632;1.00621;1.00603;1.00609;70710.5;70266.5;7901;4043.5;14401.5
81500;1.00629;1.00626;1.00626;1.00616;1.00597;70706.5;70264.5;7901;4043.5;14399.5
81600;1.00639;1.00643;1.0064;1.00641;1.0063;70716.5;70267;7902;4043;14401
81700;1.00631;1.00636;1.0064;1.00637;1.00638;70714.5;70270.5;7902.5;4043.5;14399.5
81800;1.00633;1.00631;1.00636;1.00639;1.00636;70714;70269;7903;4043.5;14396
81900;1.0064;1.00626;1.00624;1.00629;1.00633;70709.5;70259.5;7901.5;4043.5;14392.5
82000;1.00623;1.00627;1.00614;1.00611;1.00616;70700.5;70262.5;7902;4044;14390.5
82100;1.00619;1.00614;1.00619;1.00605;1.00603;70694.5;70259.5;7901.5;4044;14389.5
82200;1.00627;1.00613;1.00609;1.00613;1.00599;70690.5;70249.5;7900.5;4043.5;14386.5
82300;1.00627;1.00627;1.00613;1.00609;1.00613;70690.5;70249.5;7899.5;4043.5;14390.5
82400;1.0063;1.00629;1.00629;1.00614;1.0061;70691.5;70248.5;7900;4043;14390.5
82500;1.00622;1.0062;1.00619;1.00619;1.00604;70684.5;70247.5;7901;4042.5;14388.5
82600;1.00629;1.00643;1.00642;1.0064;1.0064;70699.5;70257.5;7902.5;4042.5;14392.5
82700;1.00624;1.00631;1.00646;1.00644;1.00643;70701.5;70262.5;7902.5;4043;14394.5
82800;1.00633;1.0063;1.00637;1.00651;1.0065;70705.5;70260.5;7902.5;4043;14392.5
82900;1.00636;1.00631;1.00629;1.00636;1.0065;70704.5;70257.5;7901.5;4043.5;14390.5
83000;1.00634;1.00641;1.00637;1.00634;1.00641;70708.5;70262.5;7903;4043.5;14389.5
83100;1.00659;1.00658;1.00666;1.00661;1.00658;70725.5;70262;7903;4043;14392
83200;1.00641;1.00632;1.00631;1.00639;1.00634;70706.5;70255.5;7903;4042.5;14388.5
83300;1.00647;1.00664;1.00655;1.00654;1.00661;70722.5;70267.5;7904.5;4043;14391.5
83400;1.00643;1.00651;1.00668;1.00659;1.00658;70725.5;70273.5;7905.5;4043.5;14390.5
83500;1.00645;1.00637;1.00646;1.00663;1.00653;70721.5;70268;7903.5;4043.5;14393
83600;1.00653;1.00648;1.0064;1.00648;1.00666;70723.5;70264.5;7903.5;4043;14392.5
83700;1.00639;1.00636;1.00631;1.00623;1.00631;70711.5;70262;7902.5;4043;14394
83800;1.00629;1.00624;1.0062;1.00615;1.00607;70700.5;70258;7902.5;4042;14396
83900;1.00626;1.00639;1.00634;1.0063;1.00625;70707.5;70267.5;7904;4042;14399.5
84000;1.00604;1.00604;1.00618;1.00612;1.00609;70692.5;70267.5;7903;4043;14397.5
84100;1.00606;1.00621;1.00621;1.00635;1.00629;70704.5;70278;7903.5;4043.5;14403
84200;1.00604;1.00605;1.0062;1.0062;1.00634;70703.5;70278.5;7904.5;4043.5;14399.5
84300;1.0061;1.00606;1.00606;1.00621;1.00621;70704.5;70275.5;7903.5;4043.5;14400.5
84400;1.00614;1.00618;1.00614;1.00615;1.0063;70710.5;70278.5;7904.5;4043;14402.5
84500;1.00619;1.0062;1.00624;1.0062;1.00621;70714.5;70279;7904.5;4043;14403
84600;1.00619;1.0063;1.00631;1.00635;1.00631;70722;70286.5;7905;4043.5;14405.5
84700;1.00624;1.00614;1.00625;1.00626;1.0063;70718.5;70279.5;7905;4043;14401.5
84800;1.00634;1.00628;1.00618;1.00629;1.0063;70721.5;70275.5;7904;4043;14401.5
84900;1.00625;1.00617;1.00611;1.00601;1.00612;70709.5;70270;7902;4043;14404
85000;1.00633;1.00636;1.00628;1.00623;1.00613;70717.5;70272.5;7902.5;4043;14404.5
85100;1.00649;1.00638;1.00641;1.00633;1.00628;70721;70264.5;7902;4042.5;14401.5
85200;1.00652;1.00648;1.00637;1.00641;1.00633;70720.5;70262;7900.5;4043;14402
85300;1.0065;1.00638;1.00634;1.00623;1.00626;70710.5;70253.5;7899;4042.5;14402.5
85400;1.00649;1.00656;1.00644;1.0064;1.00628;70714.5;70258.5;7901.5;4042;14400.5
85500;1.00646;1.00658;1.00666;1.00653;1.0065;70721.5;70267;7902;4042.5;14404
85600;1.00644;1.00642;1.00654;1.00661;1.00649;70718.5;70265.5;7902;4042.5;14402.5
85700;1.00642;1.0063;1.00628;1.0064;1.00647;70708.5;70257;7900.5;4042.5;14400
85800;1.0065;1.00642;1.0063;1.00628;1.0064;70708.5;70251.5;7900.5;4041.5;14400.5
85900;1.00651;1.00643;1.00635;1.00623;1.00621;70703.5;70245.5;7899.5;4041.5;14398.5
86000;1.00646;1.00639;1.0063;1.00622;1.0061;70694.5;70240.5;7897.5;4042;14398.5
86100;1.0064;1.00642;1.00634;1.00626;1.00618;70691.5;70241.5;7897.5;4042;14399.5
86200;1.0063;1.00636;1.00637;1.0063;1.00622;70688.5;70245.5;7899.5;4041.5;14398.5
86300;1.00645;1.00642;1.00647;1.00649;1.00642;70696.5;70243;7898.5;4041.5;14400
86400;1.00628;1.00629;1.00626;1.00632;1.00633;70685.5;70244;7898.5;4041.5;14401
86500;1.00629;1.00617;1.00618;1.00614;1.0062;70677.5;70235.5;7897;4040.5;14404.5
86600;1.00632;1.0062;1.00607;1.00609;1.00605;70671;70227;7897;4039.5;14402
86700;1.00641;1.00633;1.00621;1.00609;1.0061;70672;70221.5;7895.5;4039.5;14402.5
86800;1.00637;1.00647;1.0064;1.00627;1.00615;70676.5;70229;7896.5;4040;14403
86900;1.00624;1.00642;1.00652;1.00645;1.00632;70680;70241;7898.5;4040.5;14404
87000;1.00625;1.00617;1.00634;1.00645;1.00637;70674.5;70235.5;7898.5;4040.5;14398.5
87100;1.00628;1.00626;1.00618;1.00635;1.00646;70675.5;70234;7898;4041;14396
87200;1.00637;1.00638;1.00636;1.00628;1.00645;70682.5;70235;7898;4041;14397
87300;1.00646;1.00647;1.00648;1.00646;1.00638;70689.5;70235.5;7898.5;4040.5;14398.5
87400;1.00631;1.00642;1.00642;1.00644;1.00642;70686.5;70243;7899.5;4041;14399
87500;1.00627;1.00625;1.00636;1.00637;1.00638;70682.5;70241.5;7899;4041;14399.5
87600;1.00637;1.00644;1.00642;1.00653;1.00654;70694.5;70247;7899.5;4041;14403
87700;1.00643;1.00634;1.00642;1.00639;1.0065;70692.5;70240.5;7898;4041;14402.5
87800;1.0063;1.00636;1.00627;1.00634;1.00632;70687.5;70244.5;7899.5;4041;14400.5
87900;1.00634;1.0065;1.00656;1.00647;1.00654;70701.5;70255.5;7900.5;4041.5;14404.5
88000;1.00623;1.0063;1.00646;1.00652;1.00642;70698.5;70260.5;7902;4041;14406.5
88100;1.00632;1.00639;1.00646;1.00661;1.00667;70709.5;70265;7902.5;4041.5;14406
88200;1.0062;1.00602;1.00609;1.00616;1.00632;70688.5;70252.5;7900.5;4041;14404.5
88300;1.00619;1.00632;1.00614;1.0062;1.00627;70696.5;70261.5;7901;4041.5;14408.5
88400;1.00624;1.00623;1.00636;1.00618;1.00624;70699.5;70260.5;7900;4042;14408.5
88500;1.00624;1.00621;1.0062;1.00633;1.00615;70697.5;70258.5;7900;4042;14406.5
88600;1.00632;1.00636;1.00633;1.00631;1.00644;70705.5;70261;7900.5;4041.5;14410
88700;1.00645;1.00628;1.00631;1.00629;1.00627;70702.5;70249;7898.5;4041.5;14406
88800;1.00635;1.00648;1.00631;1.00634;1.00631;70704.5;70258;7900;4042;14406
88900;1.00647;1.00652;1.00665;1.00648;1.00651;70716.5;70261.5;7900.5;4042;14407.5
89000;1.00651;1.0065;1.00655;1.00668;1.00651;70718.5;70261;7900.5;4042;14407
89100;1.00666;1.00669;1.00668;1.00673;1.00686;70731.5;70263;7900.5;4042.5;14406
89200;1.00646;1.00648;1.00651;1.0065;1.00655;70718.5;70264.5;7900.5;4042.5;14407.5
89300;1.00636;1.00631;1.00634;1.00636;1.00636;70708.5;70261.5;7900.5;4042.5;14404.5
89400;1.00641;1.0064;1.00636;1.00638;1.00641;70711.5;70260.5;7900.5;4042.5;14403.5
89500;1.00634;1.00643;1.00641;1.00637;1.00639;70712.5;70267;7901.5;4042.5;14406
89600;1.00617;1.00606;1.00616;1.00614;1.0061;70693.5;70259.5;7901;4042;14403.5
89700;1.00602;1.00599;1.00588;1.00597;1.00596;70680.5;70257;7899.5;4042;14407
89800;1.00611;1.00619;1.00616;1.00605;1.00614;70692.5;70262.5;7901;4042;14406.5
89900;1.00607;1.00624;1.00632;1.00629;1.00618;70701.5;70274.5;7902.5;4043;14406.5
90000;1.0061;1.00613;1.0063;1.00638;1.00634;70705.5;70276.5;7902.5;4043.5;14405.5
90100;1.00614;1.00611;1.00614;1.00631;1.00639;70706.5;70274.5;7901.5;4043.5;14407.5
90200;1.00616;1.00603;1.006;1.00603;1.0062;70698.5;70265.5;7901;4042.5;14406.5
90300;1.00625;1.00624;1.00611;1.00609;1.00611;70704.5;70265;7900;4043;14407
90400;1.00614;1.00612;1.00611;1.00599;1.00596;70695.5;70263.5;7898;4043.5;14410.5
90500;1.00615;1.00629;1.00626;1.00626;1.00613;70705.5;70273;7899.5;4043.5;14414
90600;1.00624;1.00612;1.00626;1.00624;1.00623;70703.5;70264.5;7899;4043;14410.5
90700;1.00628;1.00629;1.00616;1.0063;1.00628;70706.5;70265;7899;4042.5;14414
90800;1.00641;1.00634;1.00634;1.00622;1.00636;70710.5;70259.5;7898;4042.5;14412.5
90900;1.00646;1.00653;1.00645;1.00646;1.00633;70718.5;70264.5;7897.5;4043.5;14413.5
91000;1.0066;1.00663;1.0067;1.00662;1.00663;70730.5;70266.5;7898.5;4043;14414.5
91100;1.00668;1.00668;1.00671;1.00678;1.00671;70736.5;70266.5;7899;4042.5;14415.5
91200;1.00656;1.00656;1.00656;1.00659;1.00666;70728;70266.5;7899.5;4042.5;14413.5
91300;1.00666;1.00682;1.00682;1.00682;1.00685;70746;70277.5;7901;4043;14415.5
91400;1.00661;1.00668;1.00684;1.00684;1.00684;70747.5;70282.5;7901.5;4043;14418.5
91500;1.00663;1.00657;1.00664;1.0068;1.0068;70744.5;70278;7901.5;4042.5;14417
91600;1.00646;1.00651;1.00645;1.00652;1.00668;70736;70281.5;7901.5;4043;14417.5
91700;1.00645;1.00647;1.00652;1.00645;1.00653;70736.5;70282.5;7902;4042.5;14419.5
91800;1.0065;1.0065;1.00651;1.00656;1.0065;70739.5;70282.5;7902;4042;14422.5
91900;1.00651;1.0066;1.0066;1.00661;1.00666;70746.5;70288.5;7902.5;4042.5;14423.5
92000;1.00672;1.00665;1.00674;1.00674;1.00675;70756.5;70283.5;7902.5;4041.5;14424.5
92100;1.00662;1.00672;1.00665;1.00674;1.00674;70756.5;70291;7902.5;4042.5;14426
92200;1.00662;1.0067;1.00681;1.00674;1.00682;70762.5;70296.5;7904;4042.5;14425.5
92300;1.00662;1.00645;1.00652;1.00663;1.00656;70750;70284.5;7901.5;4042;14426.5
92400;1.0066;1.00658;1.00641;1.00649;1.0066;70747.5;70283.5;7901.5;4042;14425.5
92500;1.00655;1.0065;1.00648;1.00631;1.00639;70740.5;70280;7901.5;4041.5;14425
92600;1.00655;1.00658;1.00653;1.00651;1.00634;70742.5;70282;7903.5;4041.5;14419
92700;1.00656;1.00644;1.00647;1.00642;1.0064;70735;70273.5;7902.5;4041.5;14414.5
92800;1.00653;1.00664;1.00652;1.00655;1.0065;70740.5;70281.5;7903.5;4042;14415.5
92900;1.00664;1.00661;1.00673;1.0066;1.00663;70746.5;70279.5;7902.5;4042;14417.5
93000;1.0066;1.00658;1.00655;1.00667;1.00655;70742.5;70278;7902.5;4041.5;14419
93100;1.00661;1.00668;1.00665;1.00663;1.00674;70747.5;70282.5;7903.5;4041.5;14419.5
93200;1.00641;1.00647;1.00653;1.00651;1.00648;70737.5;70286.5;7904;4042;14418.5
93300;1.00645;1.00655;1.0066;1.00667;1.00665;70747;70293.5;7904.5;4042.5;14420.5
93400;1.00662;1.00655;1.00665;1.00671;1.00678;70754.5;70288.5;7903.5;4042.5;14419.5
93500;1.00667;1.00672;1.00665;1.00675;1.00681;70761.5;70292.5;7904.5;4042.5;14419.5
93600;1.00666;1.0067;1.00675;1.00668;1.00678;70763.5;70295;7904;4042.5;14424
93700;1.00673;1.00671;1.00675;1.0068;1.00673;70767;70293.5;7904.5;4042.5;14420.5
93800;1.00661;1.00658;1.00656;1.0066;1.00665;70756.5;70291.5;7904.5;4042.5;14418.5
93900;1.00664;1.00664;1.00661;1.00659;1.00662;70758.5;70291.5;7904.5;4042.5;14418.5
94000;1.0065;1.00643;1.00643;1.0064;1.00638;70743.5;70286.5;7904.5;4042.5;14413.5
94100;1.00648;1.00644;1.00637;1.00637;1.00634;70739.5;70283.5;7904.5;4042.5;14410.5
94200;1.00647;1.00648;1.00644;1.00637;1.00637;70739.5;70284.5;7904;4042.5;14413.5
94300;1.00648;1.00641;1.00643;1.00638;1.00631;70735.5;70279.5;7902.5;4042.5;14414.5
94400;1.00654;1.00648;1.00641;1.00643;1.00638;70735.5;70275.5;7901.5;4042.5;14414.5
94500;1.0065;1.00655;1.0065;1.00643;1.00644;70736.5;70279.5;7901.5;4042.5;14418.5
94600;1.00637;1.00628;1.00634;1.00628;1.00621;70721.5;70273.5;7901.5;4042;14415.5
94700;1.00625;1.00634;1.00626;1.00631;1.00626;70719.5;70280;7901;4042.5;14421
94800;1.00611;1.00604;1.00613;1.00604;1.0061;70704.5;70275;7900.5;4042;14421
94900;1.00614;1.00612;1.00605;1.00614;1.00606;70705.5;70273.5;7900.5;4042;14419.5
95000;1.00621;1.00627;1.00625;1.00618;1.00627;70714.5;70277.5;7901.5;4041.5;14422.5
95100;1.00613;1.00636;1.00641;1.00639;1.00632;70724.5;70293;7903.5;4042.5;14424
95200;1.0061;1.00605;1.00627;1.00633;1.00631;70718.5;70289.5;7902.5;4042.5;14424.5
95300;1.00606;1.00594;1.00589;1.00611;1.00617;70707.5;70281.5;7900.5;4042.5;14424.5
95400;1.00603;1.00601;1.0059;1.00585;1.00607;70704.5;70280.5;7901.5;4042.5;14419.5
95500;1.00611;1.00594;1.00593;1.00581;1.00576;70698.5;70268.5;7899;4043;14414.5
95600;1.00603;1.00607;1.0059;1.00589;1.00577;70695.5;70271.5;7900.5;4042.5;14414.5
95700;1.00604;1.00608;1.00612;1.00595;1.00594;70699;70274.5;7900.5;4042.5;14417.5
95800;1.00582;1.00576;1.0058;1.00584;1.00567;70679.5;70270.5;7900;4042.5;14415.5
95900;1.00583;1.00584;1.00579;1.00583;1.00587;70681.5;70271.5;7899.5;4043;14415.5
96000;1.0058;1.00559;1.0056;1.00554;1.00559;70664.5;70256.5;7897.5;4042.5;14411.5
96100;1.00583;1.00573;1.00552;1.00553;1.00547;70659.5;70249.5;7897.5;4042;14407.5
96200;1.00587;1.00595;1.00584;1.00563;1.00564;70667.5;70254.5;7898;4042.5;14407.5
96300;1.00576;1.00585;1.00592;1.00582;1.0056;70665.5;70260.5;7899;4042.5;14409.5
96400;1.00584;1.00582;1.0059;1.00597;1.00587;70669.5;70258.5;7898;4042.5;14411.5
96500;1.00586;1.00593;1.0059;1.00599;1.00606;70675.5;70263.5;7898.5;4042.5;14414.5
96600;1.00594;1.00602;1.00609;1.00606;1.00614;70686.5;70268.5;7901;4042;14412.5
96700;1.00579;1.00572;1.00579;1.00586;1.00583;70670.5;70263.5;7899;4042.5;14412.5
96800;1.0057;1.00569;1.00562;1.00569;1.00576;70663.5;70262.5;7899;4042;14414.5
96900;1.00579;1.00578;1.00577;1.00569;1.00577;70669;70262;7899.5;4042;14412
97000;1.00573;1.0057;1.00569;1.00567;1.0056;70662.5;70259.5;7899;4042;14411.5
97100;1.00573;1.0057;1.00567;1.00566;1.00565;70660.5;70257.5;7898.5;4042;14411.5
97200;1.00582;1.00576;1.00573;1.0057;1.00569;70662.5;70253.5;7897.5;4042;14411.5
97300;1.00576;1.00583;1.00577;1.00575;1.00571;70663.5;70258.5;7897.5;4042.5;14413.5
97400;1.00589;1.00592;1.00599;1.00593;1.0059;70674.5;70260;7897.5;4042.5;14415
97500;1.00594;1.00601;1.00603;1.0061;1.00604;70682.5;70265;7897.5;4043.5;14414
97600;1.00594;1.00585;1.00592;1.00594;1.00602;70676.5;70258.5;7897.5;4043.5;14407.5
97700;1.00598;1.006;1.00591;1.00598;1.006;70680.5;70260;7896.5;4044;14410
97800;1.00602;1.00608;1.0061;1.00601;1.00608;70687.5;70264.5;7897;4044;14412.5
97900;1.00607;1.00611;1.00618;1.0062;1.00611;70694.5;70267.5;7896.5;4044.5;14414.5
98000;1.00603;1.00613;1.00617;1.00624;1.00626;70698.5;70274.5;7898;4044.5;14415.5
98100;1.00603;1.00614;1.00624;1.00628;1.00634;70706;70281.5;7899.5;4044.5;14416.5
98200;1.00606;1.00621;1.00631;1.00641;1.00646;70718.5;70292;7900.5;4045;14420
98300;1.00613;1.00605;1.0062;1.0063;1.0064;70717.5;70286.5;7899.5;4045;14418.5
98400;1.0062;1.00621;1.00613;1.00628;1.00638;70723.5;70287.5;7900.5;4044.5;14418.5
98500;1.00619;1.0061;1.00611;1.00603;1.00618;70716.5;70281;7899.5;4044.5;14416
98600;1.00621;1.0063;1.00621;1.00622;1.00614;70724;70287.5;7900.5;4045;14415.5
98700;1.00617;1.00613;1.00622;1.00613;1.00614;70718.5;70284.5;7901;4044.5;14413.5
98800;1.00632;1.00623;1.00618;1.00628;1.00618;70722.5;70278;7900;4044.5;14411
98900;1.00636;1.00622;1.00613;1.00608;1.00618;70715.5;70268.5;7899;4044.5;14405.5
99000;1.00626;1.00617;1.00604;1.00594;1.0059;70702.5;70262.5;7897.5;4044.5;14405.5
99100;1.00624;1.00636;1.00628;1.00614;1.00605;70710;70271.5;7897.5;4045.5;14408.5
99200;1.00639;1.00626;1.00639;1.0063;1.00616;70711.5;70262.5;7898;4045;14400.5
99300;1.00644;1.00633;1.0062;1.00633;1.00624;70707.5;70255;7896;4044.5;14404
99400;1.00647;1.00642;1.00631;1.00619;1.00631;70706.5;70251.5;7896;4044;14403.5
99500;1.00648;1.0065;1.00645;1.00634;1.00621;70708.5;70253;7897.5;4043.5;14402
99600;1.00648;1.00661;1.00663;1.00658;1.00647;70717.5;70262;7899.5;4043.5;14403
99700;1.0066;1.00651;1.00664;1.00666;1.00661;70719.5;70255.5;7898;4043.5;14402.5
99800;1.00667;1.00669;1.0066;1.00673;1.00675;70726;70257;7898.5;4043.5;14402
99900;1.00676;1.00681;1.00683;1.00673;1.00686;70735.5;70260;7899;4043;14406
